"Reach height, standing",Stature,"Eye height, standing","Elbow height, standing","Fist height, standing","Thigh clearance, sitting","Elbow height, sitting","Popliteal height, sitting","Eye height, sitting",Sitting height,"Reach height, sitting",Arm length,Breadth over the elbows,Shoulder breadth (bi-deltoid),Hip breadth,"Hip breadth, sitting",Chest depth,Elbow-grip length,Buttock-popliteal depth,"Buttock-knee depth, sitting","Buttock foot length, sitting",Head circumference,Neck base circumference,Chest circumference,Waist circumference,Hip circumference,Foot length,Foot breadth,Hand length,Hand width (without thumb),Forefinger breadth,Hand thickness,Length pointing finger,Body mass,Crotch height,Calf circumference,Thigh circumference,Foot circumference
2050.0,1740.0,1623.0,1110.0,799.0,218.0,314.0,432.0,827.0,944.0,1254.0,771.0,530.0,468.0,451.0,468.0,347.0,335.0,484.0,635.0,1024.0,567.0,359.0,1179.0,1004.0,1258.0,250.0,98.0,184.0,83.0,16.0,28.0,69.0,109.2,765.0,500.0,773.0,337.0
2305.0,1873.0,1776.0,1211.0,792.0,172.0,233.0,486.0,798.0,895.0,1327.0,798.0,531.0,510.0,401.0,445.0,309.0,379.0,564.0,698.0,1152.0,574.0,405.0,1103.0,1065.0,1208.0,275.0,104.0,198.0,91.0,16.0,31.0,78.0,105.0,834.0,409.0,695.0,365.0
2011.0,1725.0,1584.0,1077.0,783.0,182.0,290.0,427.0,797.0,938.0,1224.0,736.0,466.0,432.0,408.0,452.0,260.0,328.0,501.0,631.0,1064.0,583.0,340.0,989.0,856.0,1175.0,250.0,100.0,177.0,80.0,16.0,27.0,71.0,81.3,800.0,435.0,693.0,328.0
2002.0,1694.0,1570.0,1064.0,794.0,180.0,276.0,438.0,782.0,906.0,1214.0,726.0,432.0,405.0,383.0,435.0,265.0,331.0,515.0,624.0,1072.0,574.0,348.0,960.0,825.0,1119.0,247.0,90.0,175.0,76.0,14.0,21.0,68.0,77.8,778.0,398.0,675.0,314.0
2236.0,1840.0,1733.0,1163.0,821.0,136.0,239.0,522.0,809.0,916.0,1312.0,733.0,461.0,445.0,345.0,361.0,224.0,364.0,541.0,678.0,1199.0,589.0,366.0,972.0,811.0,1000.0,272.0,99.0,189.0,83.0,17.0,27.0,75.0,78.7,854.0,376.0,673.0,348.0
1917.0,1652.0,1532.0,1025.0,745.0,170.0,258.0,419.0,765.0,885.0,1150.0,721.0,458.0,452.0,387.0,420.0,272.0,325.0,511.0,610.0,1006.0,552.0,339.0,1017.0,880.0,1087.0,237.0,98.0,174.0,74.0,14.0,25.0,66.0,76.5,765.0,409.0,668.0,305.0
2117.0,1809.0,1685.0,1158.0,809.0,165.0,308.0,456.0,835.0,959.0,1267.0,698.0,474.0,481.0,362.0,400.0,257.0,359.0,515.0,630.0,1118.0,585.0,363.0,987.0,814.0,1048.0,249.0,92.0,180.0,82.0,17.0,25.0,66.0,84.5,802.0,417.0,659.0,320.0
2120.0,1825.0,1704.0,1164.0,851.0,173.0,326.0,485.0,866.0,987.0,1282.0,731.0,432.0,429.0,382.0,407.0,246.0,328.0,526.0,641.0,1126.0,561.0,359.0,989.0,806.0,1103.0,264.0,103.0,183.0,83.0,15.0,28.0,74.0,82.5,806.0,402.0,657.0,333.0
2147.0,1767.0,1644.0,1081.0,779.0,171.0,250.0,471.0,813.0,936.0,1316.0,766.0,487.0,478.0,388.0,444.0,247.0,354.0,519.0,628.0,1076.0,600.0,356.0,1048.0,811.0,1140.0,251.0,94.0,187.0,85.0,16.0,26.0,74.0,81.6,814.0,392.0,657.0,322.0
2211.0,1864.0,1729.0,1143.0,856.0,159.0,236.0,515.0,822.0,957.0,1304.0,805.0,481.0,494.0,357.0,404.0,260.0,464.0,549.0,676.0,1168.0,576.0,365.0,992.0,888.0,1063.0,282.0,112.0,194.0,90.0,15.0,28.0,79.0,87.3,869.0,413.0,654.0,360.0
2362.0,1941.0,1828.0,1203.0,882.0,179.0,276.0,504.0,901.0,1014.0,1435.0,883.0,534.0,501.0,411.0,434.0,263.0,392.0,,,1183.0,577.0,374.0,1015.0,921.0,1182.0,284.0,105.0,193.0,87.0,18.0,28.0,79.0,103.2,909.0,416.0,651.0,353.0
2178.0,1835.0,1702.0,1126.0,814.0,158.0,267.0,482.0,843.0,976.0,1319.0,797.0,455.0,488.0,373.0,412.0,253.0,378.0,500.0,626.0,1084.0,594.0,398.0,950.0,850.0,1029.0,276.0,109.0,195.0,90.0,17.0,29.0,77.0,87.1,803.0,405.0,649.0,340.0
2162.0,1839.0,1721.0,1144.0,834.0,169.0,244.0,512.0,821.0,939.0,1262.0,754.0,446.0,447.0,393.0,434.0,300.0,368.0,555.0,685.0,1169.0,588.0,348.0,999.0,807.0,1137.0,249.0,87.0,182.0,76.0,16.0,27.0,73.0,89.0,870.0,406.0,647.0,333.0
1982.0,1679.0,1566.0,1069.0,772.0,173.0,281.0,456.0,778.0,891.0,1194.0,696.0,409.0,461.0,371.0,421.0,266.0,323.0,506.0,609.0,1041.0,547.0,337.0,962.0,804.0,1075.0,238.0,94.0,171.0,79.0,15.0,21.0,65.0,72.5,780.0,396.0,645.0,324.0
2044.0,1674.0,1584.0,1035.0,730.0,165.0,229.0,432.0,778.0,868.0,1238.0,715.0,430.0,452.0,394.0,408.0,245.0,352.0,530.0,634.0,1043.0,576.0,331.0,916.0,806.0,1064.0,235.0,90.0,182.0,80.0,14.0,26.0,74.0,69.8,772.0,397.0,637.0,308.0
1967.0,1629.0,1541.0,1039.0,757.0,168.0,254.0,415.0,756.0,844.0,1182.0,668.0,414.0,448.0,373.0,414.0,258.0,330.0,502.0,609.0,1003.0,548.0,319.0,925.0,776.0,1070.0,239.0,87.0,170.0,71.0,14.0,24.0,60.0,70.0,,392.0,635.0,307.0
2170.0,1781.0,1679.0,1097.0,816.0,160.0,263.0,472.0,845.0,947.0,1336.0,767.0,456.0,451.0,376.0,402.0,259.0,373.0,500.0,619.0,1071.0,591.0,388.0,918.0,947.0,1063.0,276.0,109.0,195.0,92.0,18.0,30.0,78.0,85.3,781.0,392.0,632.0,356.0
2044.0,1698.0,1578.0,1049.0,768.0,161.0,265.0,434.0,794.0,914.0,1260.0,729.0,436.0,429.0,377.0,428.0,262.0,337.0,503.0,616.0,1038.0,550.0,323.0,962.0,736.0,1028.0,253.0,96.0,175.0,80.0,15.0,26.0,72.0,71.7,764.0,375.0,631.0,333.0
2036.0,1716.0,1603.0,1074.0,769.0,171.0,254.0,457.0,783.0,896.0,1216.0,726.0,451.0,454.0,395.0,427.0,260.0,346.0,532.0,638.0,1075.0,569.0,350.0,977.0,805.0,1118.0,266.0,103.0,184.0,78.0,15.0,24.0,78.0,76.4,771.0,374.0,628.0,321.0
2181.0,1806.0,1704.0,1150.0,778.0,176.0,319.0,490.0,873.0,975.0,1350.0,824.0,492.0,501.0,385.0,412.0,248.0,357.0,534.0,647.0,1117.0,590.0,396.0,1030.0,927.0,1092.0,271.0,103.0,193.0,86.0,18.0,31.0,75.0,92.9,810.0,375.0,625.0,346.0
2088.0,1782.0,1677.0,1147.0,838.0,162.0,315.0,459.0,845.0,950.0,1256.0,735.0,479.0,466.0,403.0,447.0,282.0,348.0,514.0,625.0,1058.0,572.0,347.0,993.0,853.0,1117.0,266.0,99.0,192.0,83.0,15.0,31.0,71.0,85.9,792.0,395.0,624.0,354.0
1956.0,1695.0,1583.0,1074.0,747.0,174.0,279.0,469.0,788.0,900.0,1161.0,725.0,470.0,433.0,406.0,457.0,237.0,333.0,512.0,629.0,1065.0,565.0,354.0,990.0,859.0,1150.0,259.0,92.0,176.0,75.0,15.0,25.0,72.0,81.0,798.0,395.0,621.0,331.0
1997.0,1714.0,1609.0,1061.0,752.0,180.0,273.0,464.0,821.0,926.0,1209.0,748.0,524.0,481.0,375.0,397.0,270.0,349.0,503.0,614.0,1033.0,600.0,416.0,1104.0,1044.0,1109.0,265.0,101.0,188.0,90.0,17.0,35.0,73.0,91.5,763.0,422.0,620.0,329.0
2125.0,1762.0,1679.0,1089.0,770.0,169.0,274.0,467.0,864.0,947.0,1310.0,728.0,474.0,481.0,364.0,400.0,260.0,365.0,509.0,629.0,1082.0,588.0,381.0,1017.0,882.0,1086.0,268.0,104.0,189.0,86.0,17.0,30.0,76.0,89.5,775.0,393.0,618.0,368.0
2231.0,1918.0,1796.0,1238.0,841.0,156.0,303.0,501.0,861.0,983.0,1296.0,785.0,528.0,501.0,376.0,395.0,255.0,368.0,547.0,691.0,1192.0,590.0,390.0,1032.0,920.0,1078.0,271.0,99.0,198.0,90.0,17.0,30.0,80.0,91.5,875.0,376.0,616.0,358.0
1992.0,1716.0,1585.0,1084.0,755.0,172.0,263.0,461.0,764.0,895.0,1171.0,725.0,423.0,411.0,356.0,398.0,284.0,351.0,516.0,624.0,1055.0,561.0,343.0,921.0,747.0,1053.0,251.0,100.0,171.0,81.0,15.0,29.0,66.0,77.4,756.0,388.0,615.0,334.0
1984.0,1651.0,1535.0,1001.0,728.0,170.0,232.0,422.0,766.0,882.0,1215.0,717.0,440.0,450.0,374.0,405.0,263.0,323.0,498.0,605.0,1016.0,567.0,332.0,995.0,818.0,1041.0,228.0,89.0,171.0,79.0,15.0,27.0,70.0,69.9,743.0,380.0,615.0,310.0
2022.0,1706.0,1606.0,1076.0,750.0,160.0,259.0,459.0,789.0,889.0,1205.0,713.0,477.0,444.0,398.0,440.0,278.0,352.0,510.0,620.0,1043.0,567.0,339.0,998.0,809.0,1090.0,250.0,91.0,179.0,80.0,16.0,27.0,67.0,76.2,765.0,385.0,615.0,317.0
1920.0,1613.0,1503.0,996.0,724.0,154.0,241.0,415.0,748.0,858.0,1165.0,726.0,425.0,453.0,375.0,396.0,266.0,318.0,492.0,589.0,1003.0,543.0,320.0,956.0,765.0,1052.0,248.0,95.0,171.0,82.0,17.0,28.0,70.0,69.7,717.0,400.0,615.0,334.0
2150.0,1762.0,1645.0,1099.0,821.0,155.0,273.0,454.0,819.0,936.0,1324.0,735.0,452.0,477.0,371.0,392.0,241.0,349.0,503.0,624.0,1047.0,560.0,363.0,944.0,798.0,1046.0,254.0,105.0,183.0,83.0,17.0,29.0,72.0,79.2,790.0,390.0,612.0,336.0
2095.0,1768.0,1671.0,1090.0,791.0,151.0,278.0,456.0,859.0,956.0,1283.0,727.0,468.0,471.0,355.0,366.0,266.0,352.0,490.0,604.0,1056.0,581.0,396.0,1006.0,815.0,998.0,258.0,104.0,198.0,87.0,16.0,32.0,75.0,80.2,769.0,384.0,612.0,347.0
2262.0,1907.0,1802.0,1200.0,886.0,156.0,309.0,517.0,911.0,1016.0,1371.0,827.0,473.0,484.0,374.0,383.0,243.0,374.0,517.0,644.0,1146.0,579.0,373.0,992.0,844.0,1037.0,268.0,104.0,195.0,91.0,17.0,25.0,76.0,86.6,877.0,382.0,610.0,366.0
2101.0,1768.0,1655.0,1102.0,776.0,153.0,250.0,467.0,803.0,916.0,1249.0,730.0,460.0,465.0,348.0,376.0,229.0,346.0,486.0,606.0,,591.0,377.0,977.0,817.0,1010.0,256.0,100.0,185.0,86.0,15.0,25.0,72.0,77.4,784.0,408.0,610.0,342.0
2404.0,1989.0,1882.0,1233.0,852.0,161.0,234.0,574.0,883.0,990.0,1405.0,908.0,516.0,501.0,385.0,419.0,308.0,394.0,562.0,710.0,1216.0,575.0,405.0,1135.0,1055.0,1133.0,283.0,107.0,216.0,94.0,20.0,29.0,84.0,112.1,976.0,373.0,608.0,389.0
2077.0,1723.0,1622.0,1026.0,767.0,158.0,187.0,469.0,783.0,884.0,1238.0,747.0,410.0,431.0,383.0,415.0,274.0,437.0,519.0,627.0,1097.0,566.0,315.0,940.0,746.0,1020.0,244.0,92.0,177.0,76.0,15.0,22.0,68.0,71.9,810.0,399.0,608.0,325.0
2199.0,1865.0,1762.0,1151.0,842.0,169.0,288.0,506.0,899.0,1002.0,1336.0,799.0,511.0,474.0,381.0,392.0,267.0,346.0,511.0,640.0,1095.0,606.0,390.0,1034.0,882.0,1064.0,270.0,100.0,182.0,80.0,16.0,31.0,67.0,91.5,863.0,396.0,607.0,346.0
2227.0,1866.0,1768.0,1161.0,821.0,153.0,252.0,522.0,859.0,957.0,1318.0,777.0,500.0,476.0,372.0,386.0,252.0,360.0,527.0,653.0,1147.0,604.0,378.0,989.0,824.0,1046.0,270.0,104.0,195.0,89.0,17.0,30.0,75.0,85.7,901.0,403.0,607.0,358.0
2015.0,1692.0,1607.0,1048.0,755.0,158.0,273.0,458.0,832.0,917.0,1240.0,729.0,486.0,487.0,382.0,422.0,286.0,323.0,476.0,598.0,1055.0,563.0,385.0,1165.0,886.0,1123.0,247.0,91.0,181.0,79.0,16.0,28.0,74.0,90.3,786.0,385.0,605.0,321.0
2053.0,1691.0,1554.0,1069.0,744.0,157.0,266.0,450.0,751.0,888.0,1250.0,724.0,460.0,452.0,384.0,388.0,264.0,356.0,513.0,626.0,1064.0,587.0,337.0,1003.0,789.0,1042.0,271.0,94.0,195.0,77.0,16.0,26.0,76.0,73.8,788.0,373.0,604.0,330.0
1989.0,1683.0,1581.0,1063.0,750.0,154.0,231.0,467.0,749.0,851.0,1157.0,706.0,407.0,411.0,371.0,392.0,235.0,315.0,501.0,605.0,1046.0,534.0,310.0,909.0,713.0,1020.0,237.0,89.0,176.0,77.0,14.0,26.0,66.0,62.1,815.0,357.0,603.0,312.0
2157.0,1783.0,1688.0,1120.0,801.0,154.0,266.0,452.0,834.0,929.0,1303.0,743.0,456.0,472.0,346.0,367.0,245.0,355.0,516.0,640.0,1089.0,598.0,373.0,945.0,826.0,1028.0,262.0,97.0,189.0,83.0,17.0,29.0,69.0,77.1,812.0,376.0,600.0,331.0
2009.0,1707.0,1577.0,1071.0,766.0,152.0,273.0,444.0,779.0,909.0,1211.0,688.0,424.0,392.0,377.0,413.0,244.0,320.0,495.0,612.0,1045.0,557.0,323.0,898.0,709.0,1024.0,244.0,92.0,172.0,76.0,14.0,26.0,71.0,68.4,797.0,388.0,599.0,321.0
1967.0,1642.0,1540.0,1002.0,751.0,154.0,219.0,432.0,757.0,859.0,1184.0,695.0,396.0,411.0,360.0,375.0,266.0,311.0,492.0,603.0,1019.0,569.0,327.0,904.0,695.0,1005.0,228.0,90.0,169.0,77.0,17.0,25.0,66.0,62.4,726.0,359.0,598.0,293.0
2143.0,1786.0,1676.0,1124.0,821.0,149.0,272.0,462.0,824.0,934.0,1291.0,725.0,427.0,446.0,392.0,431.0,267.0,354.0,526.0,636.0,1101.0,576.0,345.0,961.0,771.0,1082.0,256.0,105.0,193.0,88.0,17.0,26.0,77.0,79.3,807.0,407.0,598.0,333.0
2018.0,1704.0,1598.0,1058.0,735.0,181.0,254.0,454.0,794.0,900.0,1214.0,786.0,478.0,476.0,357.0,377.0,235.0,371.0,499.0,606.0,1034.0,579.0,389.0,983.0,891.0,1050.0,253.0,95.0,195.0,83.0,16.0,25.0,71.0,82.8,773.0,396.0,596.0,325.0
2016.0,1667.0,1554.0,1045.0,753.0,160.0,227.0,462.0,736.0,849.0,1198.0,722.0,413.0,392.0,369.0,388.0,240.0,310.0,496.0,622.0,1059.0,558.0,299.0,926.0,736.0,1010.0,236.0,90.0,169.0,74.0,15.0,23.0,73.0,63.4,789.0,370.0,596.0,317.0
2336.0,1911.0,1817.0,1223.0,858.0,137.0,253.0,544.0,847.0,941.0,1366.0,769.0,446.0,454.0,372.0,402.0,262.0,387.0,559.0,690.0,1190.0,586.0,374.0,858.0,882.0,1049.0,283.0,107.0,188.0,83.0,17.0,32.0,73.0,87.6,911.0,396.0,596.0,353.0
2028.0,1735.0,1616.0,1051.0,750.0,155.0,246.0,460.0,811.0,930.0,1223.0,746.0,421.0,437.0,375.0,406.0,256.0,345.0,523.0,625.0,1065.0,552.0,343.0,976.0,764.0,1041.0,261.0,94.0,186.0,76.0,15.0,25.0,75.0,72.8,781.0,388.0,594.0,344.0
2366.0,2012.0,1897.0,1255.0,916.0,154.0,268.0,543.0,910.0,1025.0,1379.0,849.0,442.0,453.0,350.0,375.0,254.0,396.0,571.0,700.0,1174.0,570.0,371.0,954.0,806.0,998.0,289.0,100.0,212.0,93.0,17.0,30.0,80.0,87.0,958.0,401.0,594.0,363.0
2232.0,1893.0,1790.0,1178.0,865.0,160.0,256.0,489.0,868.0,971.0,1310.0,753.0,440.0,462.0,366.0,378.0,228.0,372.0,557.0,678.0,1152.0,570.0,369.0,950.0,846.0,1054.0,271.0,99.0,187.0,82.0,16.0,28.0,73.0,83.6,861.0,395.0,592.0,343.0
2269.0,1906.0,1805.0,1176.0,899.0,139.0,281.0,532.0,910.0,1011.0,1374.0,807.0,409.0,459.0,347.0,359.0,236.0,366.0,502.0,632.0,1086.0,562.0,384.0,918.0,808.0,1005.0,273.0,96.0,195.0,86.0,16.0,30.0,80.0,79.1,848.0,384.0,592.0,345.0
2258.0,1861.0,1740.0,1151.0,814.0,155.0,249.0,517.0,838.0,959.0,1356.0,832.0,463.0,469.0,345.0,351.0,253.0,396.0,544.0,672.0,1105.0,588.0,374.0,994.0,842.0,977.0,262.0,100.0,191.0,89.0,17.0,30.0,74.0,85.7,803.0,407.0,591.0,351.0
2028.0,1736.0,1598.0,1083.0,801.0,154.0,278.0,481.0,793.0,931.0,1223.0,706.0,437.0,428.0,373.0,410.0,225.0,309.0,498.0,610.0,1038.0,560.0,343.0,912.0,731.0,1032.0,264.0,101.0,191.0,82.0,14.0,27.0,78.0,68.9,837.0,398.0,591.0,337.0
2271.0,1905.0,1781.0,1179.0,847.0,147.0,245.0,542.0,847.0,971.0,1337.0,791.0,474.0,480.0,345.0,375.0,227.0,377.0,532.0,658.0,1185.0,591.0,382.0,959.0,830.0,982.0,271.0,90.0,193.0,83.0,17.0,30.0,80.0,80.1,861.0,381.0,591.0,357.0
2343.0,1952.0,1837.0,1193.0,843.0,131.0,257.0,545.0,901.0,1016.0,1407.0,829.0,451.0,514.0,357.0,415.0,234.0,386.0,530.0,631.0,1156.0,590.0,376.0,956.0,834.0,1046.0,289.0,101.0,212.0,94.0,19.0,24.0,84.0,84.5,887.0,407.0,591.0,373.0
1951.0,1634.0,1537.0,1009.0,706.0,164.0,285.0,407.0,813.0,910.0,1227.0,699.0,426.0,446.0,351.0,374.0,244.0,318.0,471.0,580.0,962.0,570.0,349.0,954.0,733.0,1016.0,239.0,91.0,176.0,78.0,14.0,25.0,70.0,68.2,717.0,377.0,590.0,306.0
2119.0,1768.0,1677.0,1104.0,825.0,160.0,259.0,470.0,832.0,923.0,1274.0,745.0,401.0,425.0,378.0,400.0,243.0,350.0,552.0,646.0,1117.0,538.0,337.0,935.0,731.0,1027.0,237.0,93.0,181.0,76.0,15.0,23.0,70.0,68.4,839.0,358.0,590.0,327.0
2035.0,1767.0,1651.0,1170.0,802.0,152.0,324.0,458.0,805.0,921.0,1189.0,715.0,441.0,430.0,347.0,384.0,278.0,327.0,530.0,633.0,1082.0,546.0,330.0,929.0,765.0,1025.0,244.0,94.0,179.0,74.0,14.0,24.0,70.0,69.1,814.0,368.0,590.0,313.0
2262.0,1857.0,1753.0,1176.0,836.0,166.0,247.0,536.0,824.0,928.0,1333.0,799.0,444.0,450.0,365.0,388.0,231.0,395.0,525.0,661.0,1192.0,590.0,354.0,902.0,845.0,1045.0,282.0,107.0,206.0,86.0,17.0,28.0,81.0,83.0,885.0,398.0,589.0,381.0
2287.0,1893.0,1779.0,1158.0,820.0,156.0,275.0,499.0,896.0,1010.0,1404.0,792.0,453.0,477.0,372.0,399.0,238.0,373.0,547.0,659.0,1167.0,587.0,384.0,898.0,830.0,1053.0,274.0,102.0,202.0,90.0,17.0,28.0,86.0,83.6,822.0,380.0,588.0,348.0
2049.0,1749.0,1642.0,1096.0,775.0,155.0,282.0,469.0,828.0,935.0,1235.0,764.0,408.0,419.0,360.0,401.0,238.0,340.0,484.0,598.0,1050.0,548.0,331.0,905.0,710.0,1012.0,249.0,97.0,185.0,79.0,15.0,25.0,71.0,70.7,790.0,378.0,588.0,321.0
1989.0,1685.0,1574.0,1055.0,743.0,150.0,262.0,440.0,781.0,892.0,1196.0,703.0,410.0,427.0,362.0,400.0,250.0,342.0,506.0,604.0,993.0,550.0,318.0,938.0,689.0,1004.0,250.0,102.0,171.0,81.0,15.0,27.0,64.0,66.4,776.0,396.0,588.0,343.0
2000.0,1717.0,1607.0,1063.0,780.0,154.0,263.0,456.0,807.0,917.0,1200.0,779.0,343.0,435.0,352.0,376.0,276.0,343.0,494.0,610.0,1044.0,545.0,339.0,982.0,746.0,1000.0,250.0,89.0,185.0,77.0,15.0,27.0,69.0,70.9,774.0,350.0,587.0,316.0
2067.0,1778.0,1680.0,1083.0,803.0,162.0,243.0,468.0,840.0,938.0,1227.0,755.0,449.0,492.0,347.0,354.0,246.0,367.0,475.0,607.0,1046.0,575.0,370.0,993.0,804.0,993.0,261.0,102.0,188.0,81.0,16.0,27.0,70.0,80.1,801.0,403.0,586.0,346.0
1930.0,1656.0,1567.0,1048.0,750.0,155.0,277.0,420.0,796.0,885.0,1159.0,692.0,409.0,427.0,366.0,404.0,245.0,324.0,479.0,588.0,994.0,533.0,335.0,904.0,725.0,1007.0,238.0,92.0,177.0,75.0,15.0,22.0,69.0,65.2,774.0,370.0,586.0,305.0
1949.0,1651.0,1524.0,1051.0,757.0,148.0,269.0,463.0,742.0,869.0,1167.0,718.0,479.0,445.0,366.0,396.0,265.0,315.0,476.0,598.0,1031.0,566.0,338.0,975.0,837.0,1052.0,250.0,97.0,174.0,76.0,15.0,26.0,65.0,71.3,763.0,374.0,585.0,336.0
2192.0,1835.0,1753.0,1134.0,802.0,131.0,245.0,484.0,864.0,946.0,1303.0,811.0,435.0,446.0,372.0,385.0,238.0,357.0,535.0,645.0,1138.0,564.0,365.0,923.0,777.0,1005.0,281.0,99.0,184.0,92.0,15.0,26.0,74.0,72.2,827.0,360.0,585.0,337.0
2365.0,1876.0,1761.0,1170.0,852.0,157.0,246.0,561.0,837.0,952.0,1441.0,804.0,433.0,497.0,365.0,378.0,255.0,365.0,539.0,674.0,1187.0,581.0,359.0,978.0,794.0,1056.0,270.0,107.0,199.0,91.0,18.0,32.0,79.0,84.1,825.0,380.0,584.0,365.0
2127.0,1827.0,1708.0,1119.0,819.0,143.0,285.0,485.0,874.0,993.0,1293.0,730.0,459.0,480.0,370.0,387.0,233.0,355.0,492.0,605.0,1048.0,609.0,374.0,941.0,794.0,1023.0,266.0,115.0,195.0,87.0,16.0,26.0,75.0,80.0,817.0,385.0,584.0,350.0
2134.0,1796.0,1716.0,1113.0,809.0,144.0,277.0,483.0,880.0,960.0,1298.0,748.0,452.0,464.0,349.0,372.0,260.0,358.0,486.0,612.0,1055.0,568.0,381.0,962.0,819.0,896.0,265.0,99.0,194.0,87.0,17.0,29.0,76.0,76.5,806.0,371.0,583.0,344.0
2369.0,1972.0,1855.0,1247.0,882.0,140.0,254.0,546.0,862.0,979.0,1376.0,833.0,438.0,472.0,371.0,374.0,213.0,391.0,535.0,655.0,1236.0,583.0,375.0,914.0,770.0,1023.0,284.0,105.0,204.0,90.0,17.0,29.0,80.0,79.0,925.0,374.0,583.0,354.0
1963.0,1671.0,1568.0,1064.0,777.0,150.0,262.0,440.0,766.0,869.0,1161.0,736.0,391.0,405.0,328.0,353.0,231.0,328.0,490.0,597.0,1005.0,556.0,305.0,855.0,669.0,,240.0,90.0,176.0,75.0,16.0,23.0,72.0,60.3,779.0,365.0,582.0,320.0
2176.0,1827.0,1710.0,1125.0,815.0,167.0,240.0,483.0,825.0,942.0,1291.0,781.0,488.0,494.0,365.0,371.0,247.0,388.0,542.0,653.0,1124.0,569.0,383.0,985.0,910.0,1074.0,267.0,104.0,188.0,88.0,18.0,29.0,70.0,89.4,829.0,404.0,581.0,345.0
2278.0,1890.0,1771.0,1229.0,831.0,148.0,318.0,511.0,860.0,979.0,1367.0,792.0,472.0,466.0,366.0,386.0,244.0,374.0,532.0,641.0,1123.0,577.0,378.0,1010.0,808.0,1044.0,279.0,104.0,197.0,91.0,16.0,27.0,82.0,83.5,859.0,381.0,581.0,357.0
1910.0,1646.0,1519.0,1041.0,731.0,146.0,296.0,431.0,774.0,901.0,1165.0,691.0,428.0,428.0,365.0,398.0,270.0,325.0,458.0,582.0,990.0,566.0,314.0,987.0,810.0,983.0,242.0,101.0,178.0,74.0,15.0,27.0,71.0,69.0,669.0,361.0,581.0,310.0
2301.0,1931.0,1814.0,1192.0,851.0,150.0,256.0,506.0,878.0,995.0,1365.0,801.0,440.0,471.0,383.0,384.0,254.0,387.0,539.0,679.0,1166.0,592.0,384.0,921.0,842.0,1067.0,287.0,104.0,213.0,92.0,18.0,31.0,78.0,86.8,881.0,405.0,579.0,369.0
2045.0,1744.0,1613.0,1087.0,789.0,149.0,243.0,468.0,769.0,900.0,1201.0,771.0,398.0,399.0,353.0,401.0,245.0,349.0,514.0,607.0,1043.0,549.0,327.0,880.0,677.0,998.0,242.0,91.0,182.0,76.0,15.0,26.0,73.0,67.1,818.0,395.0,579.0,324.0
2173.0,1782.0,1664.0,1118.0,800.0,151.0,252.0,497.0,798.0,916.0,1307.0,784.0,464.0,480.0,362.0,370.0,232.0,357.0,524.0,632.0,1131.0,551.0,398.0,1034.0,822.0,977.0,273.0,100.0,192.0,82.0,15.0,25.0,69.0,77.2,867.0,368.0,578.0,351.0
2127.0,1849.0,1736.0,1144.0,842.0,150.0,291.0,474.0,883.0,996.0,1274.0,757.0,443.0,466.0,346.0,357.0,208.0,329.0,517.0,632.0,1093.0,594.0,378.0,899.0,856.0,989.0,267.0,101.0,184.0,88.0,15.0,27.0,72.0,76.7,813.0,388.0,578.0,349.0
2040.0,1720.0,1621.0,1044.0,775.0,150.0,216.0,459.0,793.0,892.0,1212.0,731.0,411.0,435.0,372.0,410.0,249.0,333.0,526.0,628.0,1059.0,557.0,319.0,883.0,764.0,1000.0,240.0,92.0,174.0,74.0,13.0,25.0,66.0,65.0,785.0,359.0,578.0,318.0
2176.0,1777.0,1690.0,1090.0,772.0,144.0,235.0,490.0,835.0,922.0,1321.0,763.0,423.0,432.0,356.0,362.0,221.0,343.0,478.0,610.0,1081.0,599.0,374.0,931.0,763.0,1000.0,261.0,109.0,190.0,85.0,16.0,28.0,71.0,74.9,820.0,398.0,578.0,331.0
1990.0,1654.0,1565.0,1048.0,734.0,137.0,234.0,456.0,751.0,840.0,1176.0,703.0,397.0,412.0,351.0,387.0,257.0,335.0,469.0,578.0,1032.0,565.0,312.0,917.0,712.0,974.0,241.0,90.0,167.0,80.0,16.0,28.0,65.0,59.6,792.0,369.0,578.0,308.0
2070.0,1758.0,1643.0,1085.0,774.0,147.0,257.0,463.0,815.0,930.0,1242.0,735.0,419.0,435.0,358.0,390.0,278.0,356.0,521.0,628.0,1067.0,560.0,312.0,998.0,718.0,1030.0,241.0,92.0,183.0,80.0,15.0,26.0,71.0,71.3,818.0,366.0,577.0,310.0
2427.0,1977.0,1870.0,1220.0,870.0,147.0,242.0,537.0,892.0,999.0,1449.0,847.0,425.0,440.0,362.0,373.0,235.0,407.0,553.0,689.0,1175.0,581.0,348.0,940.0,747.0,1008.0,281.0,99.0,204.0,86.0,18.0,29.0,81.0,80.4,904.0,382.0,577.0,360.0
2245.0,1865.0,1772.0,1186.0,843.0,154.0,276.0,518.0,862.0,955.0,1335.0,801.0,475.0,471.0,364.0,380.0,249.0,383.0,544.0,664.0,1184.0,577.0,364.0,965.0,830.0,1007.0,267.0,101.0,191.0,87.0,17.0,30.0,77.0,79.5,845.0,379.0,576.0,345.0
1988.0,1657.0,1554.0,1041.0,753.0,150.0,256.0,435.0,769.0,872.0,1203.0,696.0,406.0,409.0,347.0,370.0,240.0,312.0,502.0,604.0,1021.0,547.0,324.0,865.0,716.0,977.0,237.0,86.0,171.0,72.0,14.0,23.0,66.0,62.2,785.0,360.0,576.0,318.0
2181.0,1842.0,1715.0,1145.0,809.0,147.0,310.0,465.0,880.0,1007.0,1346.0,742.0,451.0,473.0,354.0,356.0,229.0,345.0,482.0,611.0,1040.0,573.0,386.0,923.0,758.0,970.0,265.0,99.0,196.0,93.0,17.0,29.0,74.0,77.8,822.0,379.0,576.0,344.0
1949.0,1657.0,1553.0,1045.0,749.0,156.0,260.0,439.0,768.0,872.0,1164.0,653.0,387.0,422.0,356.0,392.0,258.0,315.0,498.0,606.0,1014.0,538.0,316.0,955.0,761.0,1020.0,238.0,95.0,163.0,70.0,13.0,25.0,63.0,65.4,759.0,360.0,575.0,296.0
2142.0,1822.0,1720.0,1139.0,784.0,152.0,265.0,529.0,846.0,948.0,1268.0,804.0,434.0,468.0,353.0,361.0,229.0,362.0,481.0,625.0,1098.0,583.0,384.0,951.0,823.0,991.0,279.0,111.0,206.0,94.0,19.0,35.0,84.0,79.7,823.0,363.0,575.0,369.0
2086.0,1774.0,1664.0,1090.0,770.0,149.0,252.0,473.0,826.0,936.0,1248.0,743.0,428.0,464.0,337.0,364.0,224.0,345.0,509.0,629.0,1078.0,577.0,366.0,930.0,822.0,1010.0,254.0,94.0,185.0,85.0,17.0,28.0,71.0,74.8,806.0,387.0,575.0,342.0
1942.0,1667.0,1550.0,1046.0,771.0,137.0,259.0,450.0,763.0,880.0,1155.0,678.0,411.0,397.0,357.0,379.0,238.0,298.0,486.0,595.0,1014.0,549.0,302.0,906.0,715.0,1002.0,228.0,89.0,152.0,75.0,15.0,25.0,65.0,61.8,792.0,359.0,575.0,304.0
2168.0,1789.0,1673.0,1140.0,791.0,154.0,257.0,492.0,790.0,906.0,1285.0,771.0,375.0,414.0,364.0,396.0,236.0,364.0,541.0,641.0,1112.0,571.0,319.0,866.0,670.0,1020.0,252.0,91.0,182.0,75.0,15.0,26.0,67.0,64.0,853.0,363.0,574.0,311.0
2149.0,1830.0,1710.0,1165.0,833.0,152.0,303.0,484.0,848.0,968.0,1287.0,752.0,451.0,460.0,337.0,372.0,242.0,352.0,509.0,624.0,1090.0,581.0,369.0,935.0,780.0,992.0,261.0,95.0,176.0,83.0,16.0,28.0,75.0,78.1,826.0,388.0,574.0,332.0
2151.0,1752.0,1656.0,1086.0,751.0,139.0,239.0,486.0,809.0,905.0,1304.0,825.0,418.0,441.0,342.0,361.0,237.0,352.0,502.0,612.0,1055.0,586.0,364.0,907.0,764.0,910.0,276.0,99.0,184.0,88.0,18.0,29.0,73.0,71.3,847.0,368.0,573.0,351.0
2089.0,1742.0,1616.0,1063.0,759.0,150.0,231.0,469.0,784.0,910.0,1257.0,725.0,420.0,435.0,360.0,401.0,252.0,341.0,524.0,625.0,1061.0,548.0,327.0,935.0,764.0,1024.0,251.0,90.0,181.0,82.0,15.0,26.0,75.0,69.5,811.0,363.0,572.0,316.0
1989.0,1656.0,1569.0,1048.0,738.0,145.0,263.0,442.0,784.0,871.0,1204.0,683.0,425.0,426.0,383.0,404.0,233.0,316.0,487.0,592.0,1004.0,542.0,334.0,893.0,744.0,1052.0,241.0,91.0,172.0,80.0,16.0,23.0,71.0,66.2,750.0,365.0,572.0,314.0
2069.0,1712.0,1600.0,1083.0,770.0,151.0,287.0,441.0,804.0,916.0,1273.0,787.0,370.0,402.0,369.0,401.0,230.0,330.0,501.0,589.0,998.0,558.0,307.0,847.0,681.0,998.0,249.0,95.0,174.0,75.0,15.0,25.0,68.0,59.5,772.0,358.0,571.0,314.0
2096.0,1741.0,1630.0,1077.0,752.0,150.0,241.0,467.0,794.0,905.0,1260.0,752.0,430.0,438.0,358.0,379.0,253.0,351.0,530.0,635.0,1071.0,541.0,326.0,935.0,697.0,995.0,252.0,92.0,183.0,80.0,16.0,28.0,73.0,67.2,823.0,363.0,571.0,318.0
2239.0,1817.0,1714.0,1106.0,806.0,149.0,219.0,507.0,827.0,930.0,1352.0,745.0,434.0,457.0,345.0,372.0,238.0,366.0,508.0,640.0,1110.0,574.0,373.0,961.0,781.0,1017.0,271.0,108.0,197.0,91.0,18.0,28.0,75.0,75.0,861.0,370.0,571.0,336.0
2184.0,1822.0,1717.0,1130.0,831.0,144.0,269.0,482.0,856.0,961.0,1323.0,772.0,452.0,469.0,360.0,372.0,237.0,334.0,514.0,644.0,1106.0,570.0,375.0,940.0,791.0,1004.0,260.0,100.0,196.0,88.0,15.0,25.0,75.0,79.5,831.0,374.0,570.0,338.0
2256.0,1847.0,1744.0,1127.0,772.0,143.0,228.0,514.0,845.0,948.0,1357.0,840.0,458.0,463.0,358.0,360.0,223.0,378.0,532.0,643.0,1146.0,555.0,359.0,940.0,790.0,1010.0,279.0,100.0,200.0,86.0,16.0,28.0,78.0,74.7,878.0,386.0,570.0,338.0
1990.0,1684.0,1580.0,1041.0,769.0,164.0,260.0,441.0,799.0,903.0,1209.0,701.0,425.0,426.0,375.0,420.0,259.0,329.0,486.0,592.0,1005.0,570.0,325.0,912.0,731.0,1061.0,245.0,91.0,176.0,73.0,14.0,23.0,68.0,69.1,762.0,376.0,569.0,318.0
2198.0,1816.0,1714.0,1169.0,811.0,150.0,257.0,512.0,802.0,904.0,1286.0,770.0,458.0,470.0,378.0,364.0,264.0,353.0,515.0,635.0,1145.0,553.0,375.0,965.0,828.0,1004.0,269.0,94.0,186.0,81.0,16.0,26.0,72.0,80.2,854.0,400.0,569.0,345.0
2206.0,1790.0,1671.0,1087.0,762.0,149.0,217.0,472.0,801.0,920.0,1336.0,807.0,447.0,461.0,360.0,380.0,237.0,344.0,530.0,634.0,1086.0,580.0,368.0,942.0,789.0,988.0,256.0,98.0,192.0,84.0,17.0,29.0,73.0,73.3,782.0,375.0,569.0,331.0
2035.0,1731.0,1646.0,1077.0,736.0,146.0,277.0,451.0,846.0,931.0,1235.0,720.0,450.0,464.0,361.0,373.0,238.0,335.0,476.0,585.0,1018.0,580.0,387.0,926.0,852.0,1002.0,277.0,107.0,177.0,85.0,15.0,28.0,68.0,73.1,727.0,381.0,569.0,349.0
1967.0,1692.0,1586.0,1062.0,757.0,157.0,259.0,441.0,783.0,889.0,1164.0,698.0,430.0,422.0,354.0,388.0,269.0,315.0,504.0,604.0,1011.0,544.0,335.0,954.0,761.0,1017.0,241.0,90.0,184.0,80.0,19.0,23.0,73.0,66.1,787.0,358.0,567.0,325.0
2098.0,1714.0,1597.0,1084.0,791.0,148.0,267.0,478.0,780.0,897.0,1281.0,723.0,393.0,417.0,351.0,375.0,242.0,336.0,502.0,601.0,1053.0,590.0,332.0,854.0,679.0,975.0,271.0,94.0,191.0,80.0,17.0,22.0,75.0,63.4,817.0,359.0,567.0,348.0
1844.0,1603.0,1511.0,982.0,745.0,136.0,255.0,390.0,784.0,876.0,1117.0,622.0,392.0,415.0,346.0,361.0,236.0,305.0,461.0,573.0,945.0,517.0,320.0,860.0,696.0,945.0,222.0,80.0,159.0,73.0,14.0,24.0,65.0,56.4,700.0,,567.0,279.0
1996.0,1655.0,1563.0,1058.0,736.0,158.0,272.0,448.0,777.0,869.0,1210.0,748.0,445.0,458.0,352.0,350.0,249.0,342.0,483.0,592.0,1017.0,564.0,370.0,892.0,791.0,954.0,264.0,95.0,179.0,83.0,15.0,25.0,69.0,70.7,745.0,389.0,566.0,331.0
2614.0,2100.0,1978.0,1307.0,899.0,155.0,223.0,625.0,894.0,1016.0,1530.0,934.0,504.0,523.0,378.0,390.0,255.0,446.0,643.0,721.0,1327.0,623.0,413.0,1045.0,900.0,1071.0,306.0,104.0,239.0,95.0,19.0,34.0,91.0,99.9,1015.0,408.0,566.0,389.0
2114.0,1737.0,1638.0,1062.0,756.0,152.0,257.0,444.0,833.0,932.0,1309.0,716.0,441.0,483.0,336.0,346.0,241.0,352.0,495.0,611.0,1003.0,580.0,348.0,949.0,741.0,955.0,272.0,105.0,190.0,86.0,18.0,27.0,74.0,69.4,778.0,369.0,566.0,329.0
2146.0,1811.0,1697.0,1115.0,787.0,146.0,273.0,488.0,855.0,969.0,1304.0,789.0,452.0,481.0,351.0,357.0,224.0,364.0,489.0,605.0,1143.0,608.0,401.0,936.0,774.0,994.0,262.0,98.0,201.0,93.0,18.0,29.0,81.0,77.1,824.0,379.0,566.0,366.0
2054.0,1743.0,1617.0,1118.0,799.0,142.0,290.0,476.0,789.0,915.0,1226.0,727.0,390.0,403.0,391.0,434.0,261.0,351.0,516.0,629.0,1011.0,581.0,327.0,918.0,782.0,1112.0,251.0,81.0,182.0,79.0,14.0,26.0,71.0,70.5,824.0,342.0,566.0,331.0
2210.0,1853.0,1770.0,1130.0,788.0,141.0,227.0,512.0,867.0,950.0,1307.0,773.0,452.0,480.0,355.0,370.0,245.0,367.0,529.0,659.0,1111.0,561.0,363.0,930.0,755.0,994.0,274.0,97.0,198.0,86.0,17.0,30.0,76.0,77.3,849.0,389.0,566.0,350.0
2200.0,1858.0,1747.0,1162.0,846.0,140.0,294.0,502.0,879.0,990.0,1332.0,763.0,430.0,443.0,356.0,353.0,227.0,373.0,500.0,618.0,1073.0,557.0,354.0,923.0,772.0,994.0,265.0,102.0,198.0,82.0,15.0,27.0,75.0,71.8,832.0,357.0,566.0,343.0
2051.0,1715.0,1605.0,1071.0,768.0,165.0,261.0,458.0,795.0,905.0,1241.0,736.0,408.0,428.0,368.0,381.0,249.0,334.0,518.0,627.0,1066.0,545.0,335.0,950.0,770.0,1030.0,248.0,90.0,171.0,77.0,15.0,27.0,71.0,70.9,812.0,382.0,565.0,325.0
2202.0,1840.0,1722.0,1146.0,802.0,155.0,241.0,497.0,817.0,935.0,1297.0,814.0,467.0,491.0,355.0,371.0,236.0,385.0,532.0,650.0,1148.0,582.0,372.0,954.0,854.0,1025.0,271.0,101.0,194.0,92.0,18.0,30.0,78.0,80.7,892.0,375.0,565.0,340.0
1763.0,1538.0,1436.0,934.0,681.0,152.0,265.0,362.0,767.0,869.0,1094.0,617.0,392.0,393.0,345.0,378.0,235.0,291.0,446.0,539.0,903.0,526.0,325.0,904.0,765.0,985.0,230.0,87.0,169.0,78.0,14.0,23.0,64.0,58.6,667.0,366.0,565.0,305.0
1964.0,1664.0,1555.0,1035.0,708.0,148.0,244.0,437.0,764.0,873.0,1173.0,717.0,345.0,427.0,355.0,388.0,244.0,337.0,492.0,607.0,1020.0,544.0,315.0,924.0,756.0,1011.0,256.0,91.0,178.0,78.0,16.0,27.0,68.0,66.0,780.0,375.0,565.0,315.0
2199.0,1801.0,1713.0,1116.0,831.0,147.0,263.0,467.0,860.0,948.0,1346.0,728.0,448.0,473.0,362.0,377.0,228.0,372.0,513.0,623.0,1058.0,584.0,355.0,901.0,828.0,1004.0,284.0,104.0,192.0,84.0,17.0,31.0,75.0,75.3,807.0,366.0,565.0,344.0
2230.0,1838.0,1716.0,1113.0,813.0,144.0,242.0,517.0,845.0,967.0,1359.0,772.0,444.0,472.0,352.0,373.0,228.0,363.0,503.0,643.0,1119.0,606.0,365.0,941.0,788.0,1028.0,266.0,101.0,188.0,87.0,18.0,32.0,76.0,77.7,856.0,376.0,565.0,352.0
2061.0,1703.0,1604.0,1050.0,732.0,148.0,236.0,459.0,790.0,889.0,1247.0,743.0,396.0,412.0,347.0,386.0,262.0,340.0,498.0,605.0,1017.0,528.0,339.0,910.0,738.0,979.0,243.0,94.0,181.0,79.0,14.0,23.0,70.0,65.0,792.0,370.0,564.0,320.0
1955.0,1641.0,1540.0,1000.0,720.0,139.0,225.0,463.0,765.0,866.0,1180.0,728.0,410.0,414.0,353.0,380.0,255.0,312.0,483.0,599.0,1031.0,554.0,314.0,926.0,722.0,1035.0,241.0,92.0,176.0,78.0,16.0,27.0,69.0,66.1,750.0,382.0,564.0,318.0
2153.0,1819.0,1718.0,1148.0,845.0,139.0,284.0,498.0,854.0,955.0,1289.0,740.0,410.0,425.0,337.0,373.0,223.0,374.0,491.0,631.0,1108.0,580.0,361.0,901.0,768.0,990.0,287.0,102.0,209.0,88.0,18.0,28.0,75.0,75.0,851.0,409.0,564.0,355.0
2177.0,1810.0,1685.0,1153.0,831.0,170.0,266.0,496.0,798.0,923.0,1290.0,763.0,478.0,452.0,348.0,371.0,251.0,367.0,530.0,648.0,1080.0,595.0,379.0,981.0,891.0,1041.0,266.0,92.0,191.0,85.0,15.0,26.0,81.0,85.1,865.0,381.0,563.0,341.0
2175.0,1813.0,1683.0,1133.0,805.0,164.0,235.0,499.0,785.0,915.0,1277.0,782.0,464.0,490.0,358.0,366.0,258.0,358.0,544.0,657.0,1125.0,598.0,383.0,1025.0,882.0,1016.0,264.0,102.0,195.0,87.0,17.0,26.0,77.0,85.5,857.0,384.0,563.0,365.0
1953.0,1647.0,1519.0,1029.0,726.0,152.0,262.0,448.0,752.0,880.0,1186.0,701.0,408.0,407.0,353.0,379.0,245.0,318.0,480.0,581.0,997.0,540.0,310.0,900.0,675.0,986.0,234.0,83.0,172.0,77.0,15.0,24.0,67.0,57.8,735.0,364.0,563.0,306.0
2097.0,1780.0,1685.0,1120.0,784.0,148.0,281.0,475.0,846.0,941.0,1258.0,776.0,404.0,445.0,348.0,379.0,225.0,357.0,498.0,610.0,1058.0,582.0,372.0,891.0,806.0,1025.0,265.0,94.0,181.0,79.0,15.0,24.0,73.0,71.2,813.0,364.0,563.0,344.0
2215.0,1869.0,1762.0,1187.0,847.0,143.0,293.0,502.0,868.0,975.0,1321.0,826.0,410.0,428.0,341.0,344.0,228.0,351.0,513.0,638.0,1117.0,551.0,365.0,920.0,805.0,980.0,266.0,93.0,191.0,80.0,17.0,28.0,70.0,73.2,839.0,366.0,563.0,342.0
1916.0,1636.0,1519.0,1007.0,738.0,146.0,248.0,421.0,760.0,877.0,1157.0,695.0,417.0,415.0,350.0,359.0,251.0,323.0,492.0,584.0,1004.0,560.0,320.0,940.0,719.0,962.0,232.0,81.0,170.0,74.0,13.0,24.0,61.0,61.0,756.0,352.0,562.0,296.0
2029.0,1693.0,1578.0,1057.0,759.0,146.0,269.0,442.0,790.0,905.0,1241.0,672.0,400.0,420.0,351.0,372.0,212.0,301.0,482.0,600.0,1022.0,564.0,326.0,854.0,692.0,997.0,232.0,89.0,181.0,79.0,14.0,24.0,71.0,61.0,795.0,368.0,561.0,316.0
2064.0,1757.0,1646.0,1126.0,781.0,156.0,277.0,483.0,797.0,908.0,1215.0,727.0,449.0,423.0,346.0,369.0,241.0,363.0,519.0,631.0,1102.0,570.0,328.0,952.0,732.0,994.0,252.0,97.0,180.0,81.0,15.0,26.0,71.0,68.6,830.0,355.0,560.0,328.0
2214.0,1819.0,1714.0,1134.0,820.0,151.0,256.0,493.0,836.0,941.0,1336.0,770.0,457.0,473.0,351.0,375.0,249.0,371.0,540.0,651.0,1121.0,599.0,375.0,1006.0,812.0,1010.0,262.0,105.0,195.0,87.0,18.0,34.0,80.0,,878.0,374.0,560.0,349.0
1964.0,1656.0,1544.0,1016.0,711.0,150.0,243.0,433.0,771.0,883.0,1191.0,690.0,399.0,444.0,340.0,376.0,240.0,331.0,500.0,597.0,988.0,534.0,320.0,897.0,701.0,974.0,235.0,95.0,172.0,76.0,15.0,24.0,64.0,62.9,754.0,370.0,560.0,316.0
1912.0,1642.0,1532.0,1040.0,747.0,147.0,293.0,430.0,785.0,895.0,1165.0,660.0,423.0,404.0,337.0,363.0,229.0,325.0,468.0,562.0,978.0,554.0,314.0,912.0,732.0,954.0,243.0,83.0,178.0,78.0,15.0,26.0,73.0,58.8,739.0,334.0,560.0,295.0
2220.0,1825.0,1712.0,1158.0,801.0,131.0,268.0,515.0,822.0,935.0,1330.0,807.0,482.0,493.0,378.0,370.0,277.0,375.0,509.0,630.0,1130.0,560.0,371.0,1015.0,753.0,957.0,273.0,98.0,199.0,87.0,17.0,27.0,79.0,76.0,875.0,366.0,560.0,342.0
2093.0,1743.0,1645.0,1095.0,767.0,150.0,228.0,475.0,778.0,876.0,1226.0,733.0,414.0,421.0,342.0,368.0,227.0,358.0,537.0,635.0,1092.0,561.0,313.0,891.0,727.0,964.0,269.0,99.0,190.0,79.0,15.0,25.0,77.0,64.2,830.0,368.0,559.0,326.0
1899.0,1609.0,1500.0,1004.0,716.0,154.0,245.0,423.0,741.0,850.0,1140.0,671.0,444.0,430.0,357.0,370.0,250.0,315.0,466.0,572.0,980.0,557.0,324.0,922.0,742.0,982.0,228.0,93.0,171.0,75.0,15.0,22.0,64.0,61.0,733.0,364.0,558.0,306.0
2072.0,1738.0,1633.0,1097.0,801.0,148.0,281.0,464.0,817.0,922.0,1256.0,698.0,383.0,429.0,364.0,384.0,254.0,335.0,514.0,607.0,1026.0,545.0,308.0,923.0,666.0,1006.0,242.0,87.0,176.0,77.0,14.0,26.0,68.0,62.2,799.0,346.0,558.0,316.0
2008.0,1698.0,1591.0,1051.0,751.0,144.0,299.0,440.0,839.0,946.0,1256.0,703.0,440.0,456.0,350.0,361.0,216.0,328.0,457.0,568.0,990.0,581.0,372.0,914.0,777.0,1007.0,251.0,98.0,184.0,85.0,15.0,24.0,73.0,68.3,750.0,385.0,558.0,329.0
2213.0,1850.0,1744.0,1124.0,789.0,151.0,247.0,487.0,867.0,973.0,1336.0,773.0,452.0,457.0,339.0,349.0,248.0,365.0,534.0,654.0,1113.0,578.0,349.0,939.0,756.0,968.0,267.0,94.0,198.0,84.0,16.0,29.0,79.0,74.1,873.0,365.0,557.0,344.0
2282.0,1859.0,1763.0,1141.0,819.0,146.0,236.0,526.0,858.0,954.0,1377.0,778.0,444.0,486.0,377.0,374.0,264.0,385.0,508.0,644.0,1151.0,592.0,375.0,993.0,786.0,993.0,269.0,104.0,202.0,86.0,18.0,27.0,76.0,84.2,844.0,388.0,557.0,355.0
2185.0,1823.0,1713.0,1146.0,816.0,137.0,289.0,486.0,856.0,966.0,1328.0,731.0,417.0,455.0,331.0,357.0,220.0,353.0,490.0,611.0,1066.0,585.0,362.0,871.0,732.0,950.0,262.0,104.0,189.0,83.0,16.0,28.0,74.0,70.3,837.0,380.0,557.0,334.0
2245.0,1880.0,1782.0,1173.0,803.0,128.0,264.0,505.0,873.0,971.0,1336.0,769.0,392.0,459.0,376.0,380.0,224.0,364.0,554.0,665.0,1141.0,554.0,363.0,904.0,770.0,1003.0,284.0,94.0,191.0,78.0,15.0,26.0,76.0,74.1,887.0,362.0,557.0,345.0
2328.0,1905.0,1807.0,1207.0,874.0,144.0,254.0,544.0,854.0,952.0,1375.0,814.0,454.0,477.0,360.0,373.0,255.0,390.0,527.0,665.0,1184.0,565.0,347.0,987.0,759.0,1005.0,275.0,102.0,191.0,81.0,16.0,27.0,76.0,80.0,917.0,394.0,556.0,360.0
2282.0,1875.0,1772.0,1181.0,846.0,143.0,270.0,507.0,861.0,964.0,1371.0,779.0,455.0,470.0,334.0,341.0,230.0,375.0,522.0,656.0,1165.0,564.0,364.0,985.0,737.0,931.0,275.0,105.0,206.0,89.0,18.0,26.0,77.0,75.8,911.0,392.0,556.0,350.0
1981.0,1706.0,1585.0,1034.0,740.0,143.0,234.0,442.0,785.0,906.0,1181.0,695.0,359.0,388.0,342.0,375.0,209.0,327.0,506.0,608.0,1028.0,581.0,310.0,809.0,708.0,964.0,241.0,90.0,165.0,70.0,14.0,18.0,67.0,57.8,785.0,359.0,556.0,304.0
1998.0,1685.0,1618.0,1054.0,740.0,141.0,222.0,473.0,786.0,853.0,1166.0,717.0,381.0,430.0,371.0,400.0,229.0,345.0,498.0,607.0,1049.0,560.0,334.0,917.0,745.0,984.0,245.0,98.0,172.0,76.0,15.0,26.0,65.0,64.5,799.0,370.0,556.0,323.0
2004.0,1711.0,1605.0,1081.0,803.0,138.0,267.0,447.0,791.0,897.0,1190.0,708.0,382.0,406.0,337.0,372.0,225.0,306.0,506.0,604.0,1040.0,531.0,306.0,854.0,719.0,968.0,239.0,88.0,173.0,74.0,15.0,22.0,70.0,57.8,854.0,347.0,556.0,308.0
2170.0,1830.0,1730.0,1108.0,802.0,151.0,273.0,498.0,895.0,995.0,1335.0,783.0,475.0,462.0,360.0,367.0,232.0,358.0,473.0,605.0,1092.0,584.0,383.0,973.0,788.0,1045.0,277.0,106.0,190.0,87.0,17.0,28.0,71.0,79.3,813.0,382.0,555.0,345.0
1957.0,1659.0,1521.0,1013.0,726.0,149.0,237.0,430.0,745.0,883.0,1181.0,688.0,402.0,422.0,333.0,360.0,237.0,342.0,505.0,615.0,1018.0,568.0,325.0,938.0,708.0,942.0,251.0,92.0,181.0,78.0,14.0,21.0,71.0,64.2,768.0,370.0,555.0,312.0
2072.0,1755.0,1653.0,1072.0,748.0,147.0,221.0,477.0,802.0,904.0,1221.0,767.0,410.0,421.0,352.0,377.0,239.0,362.0,512.0,623.0,1093.0,553.0,319.0,880.0,752.0,977.0,251.0,97.0,182.0,76.0,13.0,24.0,72.0,64.2,827.0,359.0,555.0,312.0
2195.0,1788.0,1677.0,1094.0,773.0,139.0,253.0,487.0,836.0,947.0,1354.0,750.0,446.0,460.0,347.0,368.0,229.0,364.0,498.0,608.0,1075.0,571.0,357.0,895.0,,987.0,272.0,102.0,192.0,90.0,17.0,31.0,74.0,73.9,784.0,388.0,555.0,342.0
2142.0,1771.0,1662.0,1112.0,756.0,136.0,230.0,507.0,780.0,889.0,1260.0,793.0,441.0,432.0,351.0,349.0,233.0,361.0,515.0,641.0,1127.0,588.0,347.0,860.0,728.0,973.0,254.0,106.0,183.0,77.0,16.0,28.0,74.0,68.4,852.0,388.0,555.0,336.0
2266.0,1877.0,1760.0,1146.0,844.0,141.0,259.0,503.0,873.0,990.0,1379.0,811.0,452.0,470.0,383.0,387.0,248.0,369.0,525.0,648.0,1150.0,596.0,367.0,922.0,790.0,1017.0,256.0,102.0,184.0,83.0,16.0,26.0,74.0,81.6,874.0,373.0,554.0,334.0
1952.0,1678.0,1562.0,1048.0,750.0,139.0,275.0,451.0,789.0,905.0,1179.0,705.0,435.0,423.0,353.0,374.0,248.0,345.0,468.0,581.0,1001.0,544.0,316.0,904.0,704.0,970.0,249.0,91.0,182.0,78.0,14.0,26.0,69.0,63.0,765.0,376.0,554.0,317.0
2179.0,1836.0,1739.0,1160.0,851.0,132.0,280.0,500.0,859.0,956.0,1299.0,742.0,425.0,441.0,346.0,351.0,243.0,366.0,499.0,611.0,1084.0,586.0,376.0,917.0,796.0,990.0,266.0,100.0,203.0,85.0,17.0,31.0,76.0,74.8,835.0,382.0,554.0,341.0
2150.0,1795.0,1662.0,1099.0,770.0,149.0,229.0,502.0,792.0,925.0,1280.0,766.0,388.0,427.0,379.0,392.0,242.0,369.0,524.0,631.0,1122.0,584.0,332.0,925.0,720.0,1031.0,286.0,94.0,198.0,84.0,16.0,26.0,77.0,67.9,843.0,368.0,553.0,320.0
2368.0,1937.0,1851.0,1193.0,849.0,148.0,257.0,530.0,915.0,1001.0,1432.0,870.0,426.0,468.0,376.0,376.0,212.0,392.0,543.0,670.0,1142.0,568.0,368.0,909.0,786.0,1014.0,275.0,105.0,204.0,83.0,17.0,26.0,73.0,75.8,896.0,363.0,553.0,335.0
1993.0,1681.0,1573.0,1049.0,737.0,142.0,261.0,440.0,785.0,893.0,1205.0,700.0,391.0,412.0,350.0,375.0,243.0,342.0,477.0,592.0,1014.0,548.0,322.0,889.0,705.0,978.0,243.0,97.0,173.0,79.0,15.0,22.0,69.0,61.7,775.0,350.0,553.0,328.0
2177.0,1771.0,1670.0,1102.0,781.0,139.0,273.0,480.0,841.0,942.0,1348.0,764.0,393.0,432.0,344.0,350.0,241.0,354.0,466.0,588.0,1042.0,585.0,370.0,903.0,752.0,940.0,283.0,102.0,202.0,89.0,17.0,30.0,74.0,71.6,804.0,365.0,553.0,360.0
2114.0,1755.0,1643.0,1131.0,835.0,133.0,296.0,453.0,808.0,920.0,1279.0,704.0,384.0,415.0,354.0,380.0,263.0,341.0,504.0,611.0,1042.0,543.0,308.0,938.0,740.0,985.0,234.0,85.0,168.0,74.0,14.0,25.0,68.0,64.1,824.0,330.0,553.0,299.0
2169.0,1802.0,1694.0,1138.0,807.0,156.0,277.0,467.0,833.0,941.0,1308.0,779.0,499.0,453.0,335.0,342.0,233.0,347.0,550.0,623.0,1105.0,571.0,342.0,994.0,804.0,982.0,251.0,95.0,178.0,81.0,16.0,29.0,71.0,75.8,802.0,380.0,552.0,318.0
2318.0,1915.0,1791.0,1204.0,839.0,151.0,312.0,512.0,899.0,1023.0,1426.0,795.0,451.0,494.0,359.0,386.0,229.0,369.0,513.0,632.0,1093.0,588.0,394.0,976.0,774.0,1032.0,276.0,99.0,192.0,90.0,19.0,30.0,77.0,82.0,863.0,371.0,552.0,364.0
2228.0,1858.0,1680.0,1155.0,824.0,150.0,286.0,502.0,811.0,989.0,1359.0,791.0,468.0,471.0,346.0,350.0,243.0,369.0,510.0,628.0,1109.0,602.0,402.0,949.0,822.0,949.0,271.0,94.0,191.0,89.0,19.0,29.0,75.0,80.3,851.0,364.0,552.0,357.0
2276.0,1900.0,1779.0,1183.0,829.0,147.0,256.0,528.0,852.0,973.0,1349.0,813.0,458.0,480.0,360.0,369.0,251.0,378.0,527.0,653.0,1146.0,583.0,378.0,915.0,772.0,994.0,276.0,110.0,193.0,92.0,18.0,30.0,76.0,78.4,894.0,356.0,552.0,352.0
2239.0,1834.0,1720.0,1138.0,798.0,146.0,255.0,501.0,837.0,951.0,1356.0,868.0,481.0,494.0,364.0,387.0,259.0,366.0,530.0,658.0,1106.0,559.0,397.0,999.0,854.0,1042.0,274.0,101.0,199.0,88.0,17.0,26.0,77.0,84.3,879.0,395.0,552.0,361.0
2050.0,1715.0,1602.0,1042.0,734.0,137.0,240.0,457.0,800.0,913.0,1248.0,737.0,421.0,446.0,331.0,354.0,206.0,346.0,482.0,585.0,1026.0,555.0,354.0,872.0,776.0,934.0,256.0,101.0,185.0,80.0,15.0,26.0,69.0,65.3,757.0,352.0,552.0,323.0
1862.0,1571.0,1467.0,962.0,682.0,136.0,213.0,422.0,718.0,822.0,1113.0,668.0,426.0,389.0,357.0,399.0,254.0,307.0,487.0,594.0,986.0,538.0,303.0,905.0,736.0,1028.0,228.0,87.0,167.0,73.0,14.0,23.0,67.0,60.2,717.0,363.0,552.0,295.0
2033.0,1728.0,1628.0,1085.0,816.0,160.0,283.0,461.0,826.0,926.0,1231.0,704.0,446.0,440.0,333.0,344.0,215.0,342.0,473.0,582.0,1022.0,589.0,365.0,908.0,800.0,945.0,256.0,103.0,180.0,83.0,16.0,27.0,71.0,67.3,785.0,366.0,551.0,320.0
2023.0,1704.0,1600.0,1051.0,722.0,151.0,267.0,454.0,816.0,920.0,1239.0,724.0,378.0,400.0,353.0,386.0,235.0,327.0,486.0,588.0,1026.0,541.0,313.0,864.0,702.0,970.0,246.0,92.0,181.0,72.0,14.0,24.0,69.0,64.6,784.0,389.0,551.0,316.0
2197.0,1817.0,1700.0,1148.0,840.0,146.0,246.0,513.0,798.0,915.0,1295.0,758.0,404.0,418.0,367.0,399.0,226.0,357.0,529.0,650.0,1141.0,541.0,321.0,863.0,731.0,1002.0,259.0,94.0,184.0,83.0,16.0,25.0,67.0,67.2,878.0,372.0,551.0,332.0
2145.0,1784.0,1673.0,1096.0,799.0,137.0,273.0,471.0,850.0,961.0,1322.0,746.0,392.0,428.0,320.0,353.0,212.0,349.0,488.0,602.0,1062.0,598.0,345.0,860.0,712.0,929.0,266.0,94.0,184.0,79.0,16.0,28.0,74.0,65.3,816.0,355.0,551.0,331.0
2118.0,1810.0,1697.0,1118.0,829.0,133.0,297.0,477.0,876.0,989.0,1297.0,723.0,468.0,467.0,355.0,377.0,227.0,335.0,501.0,589.0,1046.0,572.0,378.0,911.0,830.0,974.0,261.0,110.0,192.0,89.0,16.0,29.0,73.0,74.7,803.0,360.0,551.0,339.0
2055.0,1702.0,1605.0,1039.0,731.0,150.0,251.0,446.0,817.0,914.0,1267.0,714.0,368.0,450.0,355.0,395.0,265.0,347.0,487.0,592.0,1010.0,549.0,308.0,918.0,695.0,981.0,252.0,94.0,189.0,79.0,15.0,23.0,71.0,61.7,778.0,342.0,550.0,319.0
2066.0,1755.0,1615.0,1060.0,755.0,150.0,239.0,440.0,794.0,934.0,1245.0,714.0,393.0,410.0,355.0,381.0,245.0,365.0,498.0,608.0,1042.0,561.0,329.0,884.0,731.0,999.0,258.0,99.0,191.0,80.0,17.0,28.0,73.0,64.6,788.0,371.0,550.0,338.0
2121.0,1790.0,1678.0,1128.0,833.0,144.0,300.0,471.0,850.0,962.0,1293.0,741.0,476.0,490.0,342.0,363.0,224.0,339.0,484.0,610.0,1005.0,569.0,382.0,930.0,806.0,994.0,264.0,96.0,189.0,84.0,17.0,23.0,75.0,76.1,846.0,360.0,550.0,343.0
2237.0,1839.0,1750.0,1144.0,828.0,134.0,222.0,516.0,828.0,917.0,1315.0,789.0,427.0,441.0,368.0,365.0,242.0,371.0,553.0,675.0,1158.0,573.0,352.0,913.0,788.0,992.0,281.0,101.0,197.0,89.0,17.0,29.0,80.0,73.3,870.0,367.0,550.0,347.0
2021.0,1715.0,1609.0,1066.0,812.0,157.0,256.0,462.0,799.0,905.0,1211.0,685.0,374.0,419.0,337.0,381.0,249.0,329.0,479.0,593.0,1047.0,560.0,321.0,906.0,749.0,945.0,255.0,95.0,187.0,79.0,15.0,24.0,74.0,63.7,806.0,384.0,549.0,317.0
2088.0,1766.0,1654.0,1073.0,721.0,146.0,231.0,472.0,812.0,924.0,1246.0,741.0,407.0,422.0,342.0,363.0,240.0,387.0,495.0,612.0,1051.0,585.0,337.0,888.0,764.0,990.0,269.0,98.0,190.0,82.0,17.0,28.0,73.0,67.9,819.0,374.0,549.0,327.0
2082.0,1751.0,1651.0,1086.0,784.0,140.0,241.0,477.0,806.0,906.0,1237.0,693.0,412.0,433.0,344.0,350.0,204.0,342.0,465.0,587.0,1022.0,579.0,351.0,823.0,723.0,947.0,249.0,101.0,176.0,85.0,17.0,27.0,66.0,65.3,789.0,379.0,549.0,341.0
2053.0,1733.0,1620.0,1083.0,746.0,134.0,232.0,483.0,769.0,882.0,1202.0,740.0,366.0,369.0,357.0,396.0,229.0,345.0,524.0,630.0,1101.0,576.0,311.0,835.0,647.0,976.0,244.0,90.0,177.0,74.0,13.0,24.0,70.0,59.0,816.0,343.0,549.0,312.0
2249.0,1909.0,1816.0,1187.0,846.0,133.0,229.0,520.0,858.0,951.0,1291.0,801.0,417.0,432.0,368.0,387.0,233.0,393.0,558.0,676.0,1145.0,585.0,370.0,874.0,757.0,1012.0,278.0,99.0,203.0,91.0,18.0,29.0,81.0,76.1,956.0,380.0,549.0,347.0
2169.0,1813.0,1709.0,1137.0,840.0,150.0,272.0,500.0,844.0,948.0,1304.0,789.0,522.0,483.0,377.0,404.0,279.0,355.0,503.0,629.0,1110.0,582.0,382.0,1029.0,906.0,1094.0,270.0,100.0,187.0,85.0,17.0,27.0,70.0,88.3,808.0,389.0,548.0,340.0
2149.0,1770.0,1663.0,1111.0,795.0,141.0,263.0,481.0,815.0,922.0,1301.0,770.0,428.0,442.0,333.0,340.0,228.0,364.0,516.0,620.0,1086.0,562.0,353.0,910.0,694.0,970.0,263.0,92.0,188.0,88.0,17.0,30.0,68.0,68.4,814.0,347.0,548.0,339.0
2146.0,1802.0,1684.0,1090.0,810.0,130.0,255.0,480.0,849.0,967.0,1311.0,718.0,417.0,457.0,373.0,392.0,259.0,398.0,515.0,613.0,1079.0,553.0,321.0,916.0,715.0,1000.0,259.0,92.0,188.0,85.0,16.0,25.0,78.0,66.7,812.0,346.0,548.0,324.0
1994.0,1704.0,1593.0,1047.0,763.0,148.0,265.0,445.0,811.0,922.0,1212.0,712.0,391.0,415.0,369.0,386.0,219.0,333.0,489.0,598.0,1007.0,532.0,306.0,832.0,652.0,978.0,259.0,95.0,182.0,77.0,16.0,23.0,77.0,57.5,783.0,340.0,547.0,305.0
2046.0,1747.0,1620.0,1102.0,795.0,142.0,285.0,460.0,803.0,930.0,1229.0,735.0,450.0,452.0,349.0,345.0,232.0,336.0,530.0,607.0,1041.0,575.0,373.0,931.0,739.0,962.0,256.0,96.0,178.0,82.0,15.0,28.0,69.0,66.4,772.0,346.0,547.0,341.0
2176.0,1835.0,1697.0,1102.0,794.0,152.0,253.0,473.0,848.0,986.0,1327.0,791.0,432.0,446.0,343.0,355.0,223.0,359.0,524.0,642.0,1101.0,565.0,362.0,913.0,766.0,985.0,262.0,101.0,187.0,84.0,17.0,28.0,72.0,73.8,824.0,370.0,546.0,323.0
2027.0,1739.0,1625.0,1109.0,786.0,143.0,259.0,462.0,775.0,889.0,1177.0,690.0,344.0,380.0,330.0,375.0,208.0,343.0,499.0,595.0,1038.0,536.0,305.0,826.0,643.0,933.0,236.0,87.0,173.0,67.0,13.0,23.0,73.0,55.6,812.0,348.0,546.0,291.0
2056.0,1758.0,1624.0,1072.0,792.0,127.0,252.0,454.0,804.0,938.0,1236.0,708.0,416.0,449.0,316.0,341.0,207.0,352.0,503.0,609.0,1063.0,579.0,355.0,885.0,720.0,937.0,251.0,88.0,184.0,81.0,16.0,23.0,73.0,64.9,788.0,368.0,546.0,314.0
2034.0,1725.0,1605.0,1097.0,768.0,149.0,292.0,452.0,800.0,920.0,1229.0,732.0,390.0,406.0,348.0,383.0,242.0,344.0,519.0,615.0,1050.0,550.0,311.0,876.0,712.0,972.0,257.0,92.0,181.0,75.0,14.0,24.0,65.0,61.4,784.0,340.0,545.0,302.0
2144.0,1825.0,1698.0,1147.0,831.0,155.0,296.0,454.0,847.0,974.0,1293.0,714.0,371.0,431.0,361.0,383.0,238.0,337.0,533.0,626.0,1071.0,556.0,326.0,916.0,707.0,971.0,246.0,93.0,183.0,81.0,15.0,26.0,69.0,66.2,834.0,353.0,544.0,316.0
2191.0,1796.0,1691.0,1079.0,783.0,146.0,206.0,478.0,818.0,923.0,1318.0,821.0,445.0,454.0,333.0,350.0,249.0,370.0,514.0,628.0,1081.0,568.0,370.0,943.0,743.0,955.0,258.0,92.0,193.0,87.0,17.0,26.0,79.0,,834.0,372.0,544.0,335.0
2010.0,1715.0,1609.0,1093.0,775.0,145.0,310.0,448.0,826.0,932.0,1227.0,677.0,403.0,413.0,346.0,372.0,256.0,311.0,498.0,606.0,1035.0,562.0,321.0,941.0,701.0,1013.0,250.0,95.0,178.0,77.0,15.0,27.0,71.0,65.0,769.0,365.0,544.0,319.0
1812.0,1549.0,1420.0,940.0,657.0,144.0,221.0,388.0,701.0,830.0,1093.0,677.0,396.0,406.0,330.0,354.0,216.0,304.0,472.0,564.0,929.0,555.0,309.0,876.0,691.0,908.0,219.0,92.0,158.0,72.0,13.0,23.0,63.0,57.7,671.0,377.0,544.0,285.0
2050.0,1769.0,1676.0,1147.0,803.0,140.0,315.0,473.0,844.0,937.0,1218.0,700.0,417.0,426.0,353.0,374.0,245.0,328.0,508.0,612.0,1107.0,555.0,321.0,932.0,719.0,948.0,250.0,92.0,182.0,80.0,15.0,26.0,69.0,66.3,803.0,348.0,544.0,324.0
1902.0,1644.0,1543.0,1047.0,713.0,147.0,301.0,403.0,797.0,898.0,1156.0,693.0,401.0,393.0,350.0,386.0,269.0,332.0,482.0,571.0,961.0,,316.0,881.0,695.0,983.0,227.0,93.0,166.0,75.0,14.0,25.0,66.0,59.6,737.0,355.0,543.0,309.0
2195.0,1846.0,1769.0,1146.0,832.0,146.0,247.0,503.0,870.0,947.0,1296.0,768.0,447.0,471.0,351.0,356.0,240.0,384.0,529.0,644.0,1110.0,582.0,358.0,930.0,794.0,975.0,264.0,100.0,193.0,88.0,18.0,30.0,80.0,75.8,846.0,395.0,543.0,343.0
2301.0,1935.0,1805.0,1197.0,839.0,142.0,283.0,506.0,891.0,1021.0,1387.0,787.0,468.0,482.0,352.0,368.0,235.0,388.0,528.0,652.0,1137.0,586.0,374.0,966.0,763.0,998.0,281.0,98.0,199.0,93.0,16.0,29.0,75.0,78.2,862.0,360.0,543.0,346.0
2046.0,1726.0,1614.0,1061.0,743.0,134.0,242.0,469.0,795.0,907.0,1227.0,736.0,410.0,434.0,330.0,343.0,196.0,357.0,499.0,608.0,988.0,566.0,334.0,848.0,736.0,944.0,271.0,100.0,192.0,82.0,17.0,27.0,71.0,64.0,828.0,372.0,543.0,342.0
2222.0,1865.0,1745.0,1175.0,841.0,130.0,290.0,519.0,860.0,980.0,1337.0,790.0,460.0,449.0,350.0,378.0,218.0,405.0,492.0,646.0,1109.0,586.0,365.0,899.0,775.0,978.0,272.0,106.0,191.0,88.0,17.0,30.0,73.0,77.1,866.0,385.0,543.0,358.0
1924.0,1626.0,1517.0,981.0,703.0,128.0,231.0,428.0,767.0,876.0,1174.0,681.0,384.0,413.0,339.0,382.0,235.0,381.0,456.0,560.0,979.0,552.0,324.0,874.0,682.0,907.0,241.0,83.0,168.0,74.0,15.0,16.0,69.0,54.5,716.0,355.0,543.0,309.0
2131.0,1798.0,1704.0,1153.0,816.0,148.0,284.0,486.0,835.0,929.0,1262.0,808.0,434.0,444.0,359.0,363.0,228.0,358.0,515.0,631.0,1067.0,587.0,384.0,890.0,796.0,986.0,268.0,94.0,179.0,86.0,16.0,26.0,73.0,72.8,846.0,347.0,542.0,338.0
2044.0,1738.0,1629.0,1073.0,736.0,135.0,247.0,462.0,803.0,912.0,1218.0,761.0,410.0,462.0,344.0,373.0,231.0,362.0,494.0,607.0,1084.0,591.0,360.0,892.0,753.0,979.0,253.0,89.0,174.0,78.0,15.0,20.0,67.0,66.3,810.0,367.0,542.0,321.0
2090.0,1760.0,1654.0,1120.0,808.0,148.0,252.0,491.0,786.0,892.0,1222.0,706.0,377.0,430.0,342.0,360.0,215.0,335.0,531.0,640.0,1096.0,549.0,314.0,869.0,693.0,956.0,253.0,96.0,177.0,75.0,14.0,19.0,72.0,62.6,844.0,354.0,541.0,312.0
1859.0,1602.0,1521.0,988.0,708.0,147.0,243.0,424.0,776.0,857.0,1114.0,652.0,384.0,393.0,325.0,364.0,231.0,312.0,437.0,536.0,938.0,557.0,307.0,849.0,673.0,928.0,231.0,89.0,166.0,74.0,14.0,25.0,66.0,57.5,736.0,366.0,541.0,303.0
1909.0,1622.0,1489.0,1033.0,745.0,142.0,271.0,455.0,727.0,860.0,1147.0,671.0,436.0,431.0,332.0,355.0,247.0,320.0,466.0,576.0,1000.0,554.0,320.0,933.0,733.0,960.0,233.0,94.0,166.0,73.0,14.0,24.0,61.0,60.5,751.0,350.0,540.0,312.0
2203.0,1856.0,1753.0,1168.0,825.0,139.0,296.0,509.0,881.0,984.0,1331.0,772.0,476.0,472.0,343.0,359.0,214.0,376.0,476.0,617.0,1017.0,582.0,375.0,952.0,774.0,984.0,290.0,109.0,196.0,92.0,17.0,26.0,71.0,77.7,829.0,382.0,540.0,372.0
2132.0,1810.0,1691.0,1153.0,801.0,135.0,298.0,479.0,836.0,955.0,1277.0,785.0,484.0,468.0,356.0,362.0,232.0,363.0,502.0,621.0,1068.0,572.0,,934.0,825.0,966.0,276.0,110.0,192.0,88.0,17.0,28.0,77.0,73.4,796.0,356.0,540.0,345.0
1976.0,1694.0,1591.0,1028.0,735.0,145.0,229.0,445.0,792.0,895.0,1177.0,705.0,404.0,416.0,347.0,358.0,229.0,305.0,498.0,602.0,1045.0,545.0,319.0,899.0,729.0,975.0,255.0,102.0,175.0,83.0,15.0,25.0,71.0,60.0,788.0,350.0,539.0,320.0
2027.0,1696.0,1583.0,1060.0,754.0,140.0,233.0,472.0,756.0,869.0,1200.0,724.0,396.0,416.0,347.0,357.0,234.0,335.0,496.0,616.0,1081.0,540.0,319.0,894.0,692.0,944.0,250.0,89.0,181.0,75.0,15.0,27.0,72.0,60.2,815.0,358.0,539.0,321.0
,,,,,133.0,264.0,519.0,880.0,959.0,1356.0,788.0,452.0,466.0,,381.0,,356.0,500.0,633.0,1124.0,577.0,370.0,948.0,772.0,1033.0,,,196.0,86.0,19.0,28.0,77.0,74.0,,361.0,539.0,358.0
1952.0,1672.0,1559.0,1053.0,743.0,145.0,267.0,451.0,773.0,886.0,1166.0,708.0,438.0,420.0,327.0,345.0,211.0,331.0,480.0,582.0,1009.0,582.0,319.0,851.0,720.0,973.0,252.0,95.0,184.0,80.0,16.0,28.0,74.0,61.7,746.0,364.0,538.0,313.0
2037.0,1732.0,1621.0,1080.0,766.0,144.0,254.0,471.0,795.0,906.0,1211.0,691.0,398.0,424.0,363.0,400.0,238.0,339.0,500.0,607.0,1074.0,558.0,317.0,894.0,732.0,1019.0,255.0,96.0,194.0,88.0,23.0,28.0,84.0,63.9,812.0,375.0,538.0,320.0
2105.0,1798.0,1664.0,1126.0,792.0,141.0,243.0,485.0,781.0,915.0,1222.0,733.0,439.0,414.0,343.0,376.0,246.0,354.0,537.0,632.0,1109.0,589.0,325.0,956.0,740.0,970.0,282.0,96.0,185.0,78.0,15.0,25.0,73.0,67.3,837.0,349.0,538.0,321.0
2232.0,1861.0,1743.0,1139.0,833.0,159.0,288.0,499.0,892.0,1010.0,1381.0,779.0,478.0,470.0,357.0,377.0,254.0,361.0,506.0,633.0,1110.0,574.0,369.0,989.0,796.0,1006.0,270.0,100.0,189.0,88.0,19.0,27.0,76.0,79.2,853.0,374.0,537.0,340.0
2185.0,1813.0,1686.0,1134.0,804.0,136.0,267.0,519.0,819.0,946.0,1318.0,791.0,418.0,467.0,353.0,364.0,203.0,371.0,492.0,623.0,1139.0,587.0,368.0,928.0,763.0,992.0,261.0,106.0,191.0,92.0,17.0,27.0,77.0,73.6,842.0,373.0,537.0,344.0
2140.0,1837.0,1752.0,1166.0,817.0,134.0,270.0,512.0,856.0,941.0,1244.0,771.0,436.0,466.0,347.0,352.0,225.0,356.0,502.0,626.0,1174.0,585.0,393.0,873.0,784.0,984.0,275.0,94.0,192.0,81.0,16.0,29.0,76.0,71.2,887.0,355.0,537.0,332.0
1933.0,1664.0,1543.0,1040.0,742.0,132.0,266.0,430.0,769.0,890.0,1159.0,694.0,393.0,418.0,351.0,372.0,216.0,340.0,472.0,568.0,985.0,539.0,297.0,868.0,687.0,940.0,240.0,91.0,171.0,76.0,15.0,26.0,69.0,57.0,733.0,368.0,537.0,302.0
2143.0,1794.0,1674.0,1106.0,782.0,153.0,294.0,465.0,862.0,982.0,1331.0,760.0,388.0,431.0,321.0,361.0,263.0,324.0,483.0,588.0,1060.0,570.0,343.0,890.0,713.0,943.0,251.0,97.0,174.0,79.0,14.0,23.0,72.0,65.0,809.0,363.0,536.0,322.0
2033.0,1738.0,1628.0,1068.0,773.0,148.0,243.0,477.0,803.0,913.0,1208.0,727.0,408.0,439.0,345.0,370.0,263.0,336.0,503.0,610.0,1056.0,568.0,333.0,953.0,765.0,975.0,259.0,89.0,185.0,79.0,16.0,26.0,74.0,66.6,821.0,359.0,536.0,320.0
2323.0,1919.0,1800.0,1219.0,860.0,141.0,260.0,544.0,841.0,960.0,1364.0,842.0,428.0,455.0,348.0,365.0,252.0,396.0,562.0,684.0,1200.0,595.0,358.0,929.0,779.0,1004.0,274.0,108.0,196.0,85.0,17.0,30.0,78.0,76.4,947.0,376.0,536.0,361.0
2142.0,1762.0,1661.0,1103.0,790.0,135.0,250.0,495.0,808.0,909.0,1289.0,798.0,453.0,452.0,323.0,324.0,227.0,370.0,507.0,625.0,1100.0,585.0,359.0,925.0,744.0,922.0,264.0,99.0,186.0,86.0,16.0,23.0,73.0,67.5,808.0,384.0,535.0,329.0
2254.0,1929.0,1815.0,1215.0,892.0,131.0,289.0,544.0,889.0,1003.0,1328.0,856.0,424.0,428.0,353.0,341.0,227.0,406.0,535.0,663.0,1192.0,577.0,364.0,874.0,766.0,973.0,288.0,109.0,202.0,91.0,15.0,28.0,84.0,78.4,914.0,354.0,535.0,354.0
2187.0,1825.0,1672.0,1127.0,735.0,130.0,250.0,510.0,795.0,948.0,1310.0,798.0,423.0,461.0,356.0,351.0,213.0,397.0,532.0,647.0,1131.0,594.0,364.0,925.0,792.0,989.0,277.0,110.0,205.0,90.0,16.0,29.0,83.0,71.8,853.0,387.0,535.0,358.0
2092.0,1755.0,1651.0,1089.0,786.0,142.0,280.0,463.0,842.0,946.0,1283.0,792.0,501.0,461.0,344.0,358.0,222.0,373.0,479.0,601.0,1067.0,608.0,372.0,965.0,794.0,1013.0,260.0,98.0,194.0,90.0,19.0,24.0,75.0,72.6,805.0,370.0,534.0,325.0
2185.0,1795.0,1684.0,1107.0,797.0,137.0,265.0,467.0,842.0,953.0,1343.0,710.0,408.0,418.0,324.0,337.0,206.0,331.0,517.0,628.0,1121.0,580.0,366.0,855.0,715.0,990.0,260.0,96.0,179.0,80.0,15.0,26.0,66.0,63.8,851.0,338.0,534.0,337.0
2225.0,1846.0,1721.0,1116.0,798.0,134.0,220.0,528.0,825.0,950.0,1329.0,794.0,396.0,464.0,336.0,335.0,222.0,364.0,516.0,636.0,1145.0,569.0,360.0,876.0,731.0,922.0,276.0,102.0,188.0,81.0,17.0,23.0,73.0,67.7,852.0,363.0,534.0,345.0
2045.0,1688.0,1589.0,1028.0,744.0,151.0,262.0,442.0,823.0,922.0,1279.0,671.0,383.0,413.0,354.0,388.0,266.0,347.0,478.0,577.0,1018.0,533.0,312.0,890.0,713.0,973.0,245.0,93.0,180.0,79.0,14.0,24.0,70.0,61.1,755.0,349.0,533.0,304.0
2129.0,1806.0,1682.0,1090.0,802.0,141.0,242.0,504.0,834.0,958.0,1281.0,793.0,358.0,398.0,346.0,351.0,233.0,372.0,502.0,629.0,1124.0,549.0,314.0,850.0,651.0,954.0,256.0,95.0,176.0,80.0,15.0,26.0,70.0,63.3,880.0,355.0,533.0,340.0
2186.0,1817.0,1707.0,1092.0,832.0,134.0,225.0,489.0,840.0,950.0,1319.0,825.0,449.0,456.0,320.0,346.0,230.0,421.0,493.0,625.0,1116.0,581.0,347.0,917.0,767.0,951.0,259.0,89.0,191.0,85.0,16.0,24.0,71.0,69.0,837.0,366.0,533.0,324.0
2134.0,1798.0,1667.0,1135.0,818.0,155.0,259.0,478.0,791.0,922.0,1258.0,732.0,380.0,416.0,347.0,370.0,225.0,351.0,536.0,638.0,1109.0,557.0,326.0,842.0,688.0,973.0,262.0,90.0,192.0,85.0,16.0,21.0,72.0,64.9,848.0,347.0,532.0,331.0
2269.0,1897.0,1798.0,1192.0,834.0,145.0,268.0,530.0,874.0,973.0,1345.0,793.0,432.0,449.0,358.0,373.0,205.0,384.0,540.0,651.0,1107.0,566.0,348.0,842.0,760.0,995.0,271.0,98.0,198.0,87.0,18.0,29.0,75.0,73.0,896.0,368.0,532.0,339.0
2207.0,1861.0,1766.0,1175.0,825.0,144.0,280.0,492.0,871.0,966.0,1312.0,686.0,385.0,421.0,350.0,349.0,199.0,371.0,527.0,650.0,1134.0,561.0,348.0,845.0,730.0,953.0,273.0,97.0,190.0,84.0,15.0,28.0,74.0,68.8,877.0,376.0,532.0,346.0
2155.0,1830.0,1693.0,1138.0,803.0,141.0,270.0,490.0,825.0,962.0,1287.0,738.0,395.0,458.0,344.0,373.0,208.0,361.0,516.0,627.0,1055.0,567.0,366.0,881.0,721.0,986.0,261.0,109.0,193.0,88.0,18.0,30.0,73.0,70.6,830.0,360.0,532.0,335.0
2036.0,1725.0,1601.0,1098.0,750.0,136.0,270.0,447.0,773.0,897.0,1208.0,734.0,398.0,423.0,321.0,325.0,231.0,339.0,485.0,604.0,1064.0,553.0,336.0,936.0,704.0,909.0,235.0,99.0,180.0,81.0,15.0,27.0,70.0,60.0,788.0,342.0,532.0,314.0
2173.0,1807.0,1720.0,1105.0,800.0,134.0,228.0,527.0,843.0,930.0,1296.0,775.0,434.0,479.0,350.0,360.0,215.0,364.0,490.0,608.0,1107.0,590.0,374.0,934.0,794.0,985.0,271.0,98.0,193.0,86.0,17.0,31.0,76.0,74.4,840.0,361.0,532.0,348.0
1993.0,1706.0,1588.0,1053.0,815.0,132.0,247.0,440.0,782.0,900.0,1187.0,630.0,394.0,414.0,341.0,365.0,247.0,315.0,509.0,603.0,1036.0,545.0,322.0,932.0,741.0,954.0,247.0,98.0,170.0,79.0,14.0,24.0,67.0,61.2,772.0,326.0,532.0,305.0
2116.0,1774.0,1660.0,1127.0,794.0,127.0,298.0,479.0,831.0,945.0,1287.0,727.0,361.0,414.0,341.0,370.0,226.0,337.0,499.0,612.0,1033.0,560.0,310.0,901.0,703.0,971.0,257.0,97.0,176.0,77.0,15.0,20.0,71.0,61.0,824.0,348.0,532.0,325.0
2150.0,1796.0,1666.0,1094.0,815.0,145.0,240.0,449.0,812.0,942.0,1296.0,796.0,478.0,460.0,340.0,366.0,214.0,477.0,530.0,644.0,1115.0,574.0,349.0,972.0,763.0,935.0,260.0,96.0,195.0,86.0,15.0,19.0,75.0,66.6,769.0,350.0,531.0,338.0
2371.0,1947.0,1830.0,1232.0,885.0,144.0,285.0,535.0,883.0,1000.0,1424.0,773.0,428.0,436.0,355.0,375.0,216.0,386.0,562.0,678.0,1177.0,607.0,371.0,912.0,808.0,998.0,296.0,105.0,207.0,90.0,17.0,26.0,84.0,78.2,931.0,355.0,531.0,371.0
1936.0,1661.0,1557.0,1057.0,702.0,144.0,283.0,427.0,783.0,887.0,1162.0,720.0,372.0,387.0,346.0,374.0,240.0,325.0,473.0,565.0,978.0,551.0,294.0,830.0,697.0,942.0,238.0,90.0,183.0,72.0,13.0,23.0,72.0,55.2,754.0,345.0,531.0,291.0
2024.0,1668.0,1555.0,1050.0,719.0,141.0,255.0,466.0,760.0,873.0,1229.0,734.0,345.0,390.0,341.0,370.0,241.0,329.0,469.0,569.0,1032.0,564.0,306.0,856.0,680.0,931.0,257.0,91.0,182.0,78.0,15.0,24.0,74.0,55.3,810.0,343.0,531.0,315.0
2086.0,1761.0,1648.0,1085.0,756.0,143.0,260.0,466.0,823.0,936.0,1261.0,731.0,385.0,433.0,351.0,376.0,222.0,361.0,515.0,612.0,1050.0,576.0,319.0,876.0,644.0,972.0,255.0,92.0,177.0,82.0,16.0,24.0,70.0,61.7,807.0,354.0,530.0,324.0
1877.0,1625.0,1496.0,1064.0,699.0,133.0,333.0,420.0,765.0,894.0,1146.0,683.0,377.0,402.0,321.0,333.0,248.0,303.0,433.0,543.0,954.0,545.0,302.0,906.0,671.0,903.0,232.0,84.0,167.0,71.0,13.0,24.0,65.0,53.5,715.0,335.0,530.0,292.0
1904.0,1616.0,1518.0,1000.0,714.0,151.0,261.0,410.0,779.0,877.0,1165.0,683.0,413.0,396.0,340.0,367.0,233.0,330.0,486.0,583.0,962.0,557.0,307.0,854.0,685.0,970.0,230.0,99.0,169.0,75.0,14.0,24.0,69.0,59.5,715.0,358.0,529.0,301.0
2102.0,1755.0,1644.0,1082.0,767.0,149.0,247.0,477.0,809.0,920.0,1267.0,751.0,399.0,428.0,354.0,384.0,222.0,340.0,484.0,588.0,1052.0,542.0,317.0,843.0,681.0,1002.0,241.0,90.0,180.0,79.0,16.0,26.0,71.0,61.9,810.0,,529.0,324.0
2049.0,1776.0,1660.0,1090.0,788.0,144.0,205.0,481.0,775.0,891.0,1164.0,772.0,436.0,451.0,327.0,349.0,227.0,355.0,534.0,646.0,1118.0,577.0,357.0,877.0,770.0,960.0,275.0,113.0,192.0,85.0,16.0,29.0,76.0,69.3,811.0,387.0,529.0,351.0
2207.0,1806.0,1689.0,1136.0,814.0,143.0,270.0,503.0,823.0,940.0,1341.0,768.0,456.0,460.0,351.0,361.0,225.0,351.0,504.0,614.0,1091.0,547.0,346.0,975.0,780.0,1023.0,269.0,94.0,195.0,79.0,17.0,28.0,78.0,75.8,810.0,370.0,529.0,348.0
2077.0,1764.0,1655.0,1127.0,802.0,134.0,290.0,470.0,818.0,927.0,1240.0,736.0,454.0,455.0,349.0,351.0,244.0,339.0,500.0,609.0,1058.0,568.0,367.0,913.0,809.0,975.0,256.0,99.0,186.0,86.0,17.0,26.0,75.0,72.8,795.0,365.0,529.0,337.0
1978.0,1699.0,1580.0,1039.0,746.0,125.0,280.0,435.0,821.0,940.0,1219.0,691.0,397.0,406.0,326.0,375.0,223.0,341.0,464.0,569.0,976.0,544.0,307.0,849.0,658.0,895.0,235.0,91.0,170.0,77.0,16.0,26.0,68.0,57.2,757.0,352.0,529.0,306.0
2279.0,1915.0,1819.0,1218.0,870.0,143.0,289.0,534.0,890.0,986.0,1350.0,780.0,388.0,433.0,373.0,404.0,241.0,360.0,509.0,643.0,1122.0,583.0,336.0,948.0,778.0,1055.0,278.0,105.0,199.0,84.0,16.0,28.0,72.0,77.9,882.0,416.0,528.0,372.0
2041.0,1700.0,1587.0,1074.0,767.0,140.0,269.0,483.0,782.0,895.0,1236.0,740.0,371.0,395.0,352.0,393.0,,326.0,504.0,623.0,1060.0,530.0,292.0,835.0,661.0,1000.0,254.0,91.0,180.0,78.0,14.0,23.0,73.0,59.0,790.0,376.0,526.0,302.0
2046.0,1738.0,1614.0,1071.0,776.0,134.0,227.0,465.0,770.0,894.0,1202.0,715.0,365.0,435.0,329.0,365.0,230.0,348.0,532.0,619.0,1085.0,557.0,320.0,877.0,680.0,910.0,245.0,87.0,172.0,72.0,14.0,23.0,66.0,57.9,817.0,332.0,526.0,315.0
2081.0,1749.0,1642.0,1075.0,733.0,130.0,217.0,485.0,784.0,891.0,1223.0,749.0,415.0,448.0,340.0,354.0,213.0,361.0,508.0,637.0,1108.0,576.0,351.0,882.0,734.0,941.0,263.0,99.0,189.0,82.0,16.0,27.0,74.0,67.1,816.0,344.0,526.0,334.0
1956.0,1654.0,1556.0,995.0,710.0,135.0,253.0,421.0,814.0,912.0,1214.0,721.0,365.0,401.0,339.0,359.0,225.0,318.0,482.0,568.0,970.0,550.0,314.0,866.0,668.0,923.0,244.0,89.0,172.0,74.0,15.0,23.0,67.0,55.8,738.0,333.0,525.0,299.0
2091.0,1789.0,1668.0,1135.0,806.0,155.0,299.0,472.0,832.0,953.0,1255.0,700.0,366.0,409.0,327.0,337.0,224.0,344.0,479.0,594.0,1081.0,579.0,352.0,823.0,711.0,942.0,240.0,90.0,179.0,80.0,16.0,26.0,66.0,65.6,804.0,355.0,524.0,322.0
2132.0,1773.0,1670.0,1118.0,780.0,144.0,254.0,471.0,806.0,909.0,1268.0,770.0,416.0,430.0,361.0,389.0,259.0,331.0,538.0,642.0,1080.0,586.0,326.0,954.0,760.0,1007.0,270.0,94.0,184.0,74.0,15.0,24.0,71.0,64.2,846.0,328.0,524.0,316.0
2391.0,1952.0,1858.0,1125.0,889.0,137.0,176.0,536.0,909.0,1003.0,1442.0,845.0,424.0,466.0,352.0,364.0,232.0,409.0,545.0,671.0,1171.0,584.0,369.0,941.0,771.0,961.0,282.0,101.0,201.0,89.0,16.0,26.0,80.0,74.6,877.0,339.0,524.0,340.0
2237.0,1847.0,1735.0,1121.0,795.0,125.0,184.0,510.0,798.0,910.0,1300.0,800.0,418.0,438.0,340.0,346.0,221.0,363.0,536.0,664.0,1180.0,579.0,333.0,860.0,727.0,940.0,275.0,107.0,198.0,80.0,15.0,23.0,79.0,67.2,884.0,364.0,524.0,348.0
2041.0,1759.0,1659.0,1082.0,765.0,154.0,257.0,486.0,834.0,934.0,1216.0,752.0,465.0,464.0,343.0,353.0,245.0,358.0,492.0,601.0,995.0,566.0,375.0,949.0,815.0,971.0,263.0,98.0,188.0,83.0,16.0,37.0,70.0,74.3,779.0,370.0,523.0,337.0
2104.0,1724.0,1628.0,1064.0,757.0,131.0,219.0,479.0,783.0,879.0,1259.0,775.0,448.0,465.0,348.0,364.0,235.0,359.0,511.0,622.0,1077.0,578.0,388.0,954.0,860.0,975.0,246.0,94.0,179.0,83.0,17.0,28.0,74.0,70.3,795.0,353.0,523.0,318.0
2132.0,1762.0,1660.0,1079.0,807.0,135.0,258.0,478.0,839.0,941.0,1311.0,731.0,400.0,451.0,337.0,342.0,230.0,354.0,466.0,586.0,1005.0,572.0,363.0,862.0,728.0,907.0,254.0,93.0,183.0,87.0,17.0,30.0,71.0,62.0,800.0,341.0,522.0,319.0
2128.0,1828.0,1723.0,1136.0,842.0,147.0,261.0,504.0,848.0,953.0,1253.0,761.0,405.0,417.0,358.0,371.0,254.0,364.0,513.0,633.0,1144.0,575.0,328.0,922.0,699.0,983.0,268.0,106.0,193.0,88.0,17.0,27.0,81.0,68.8,863.0,365.0,521.0,334.0
2092.0,1738.0,1633.0,1080.0,730.0,138.0,211.0,480.0,764.0,869.0,1223.0,756.0,471.0,462.0,344.0,345.0,225.0,368.0,514.0,633.0,1089.0,580.0,360.0,927.0,788.0,909.0,270.0,104.0,193.0,91.0,16.0,31.0,74.0,69.8,854.0,361.0,520.0,329.0
1890.0,1609.0,1504.0,981.0,685.0,137.0,246.0,416.0,769.0,874.0,1155.0,674.0,361.0,405.0,323.0,364.0,224.0,312.0,437.0,542.0,969.0,563.0,340.0,827.0,675.0,892.0,237.0,95.0,181.0,74.0,15.0,23.0,74.0,54.4,725.0,340.0,520.0,300.0
1936.0,1666.0,1561.0,1024.0,712.0,119.0,241.0,455.0,778.0,883.0,1153.0,729.0,404.0,439.0,319.0,350.0,240.0,317.0,452.0,572.0,989.0,,345.0,903.0,782.0,923.0,245.0,95.0,178.0,76.0,14.0,24.0,72.0,59.8,775.0,375.0,520.0,330.0
2198.0,1813.0,1698.0,1111.0,784.0,129.0,229.0,495.0,816.0,931.0,1316.0,788.0,423.0,472.0,318.0,344.0,228.0,386.0,485.0,623.0,1072.0,580.0,368.0,864.0,733.0,915.0,259.0,97.0,195.0,85.0,16.0,28.0,77.0,67.7,828.0,366.0,519.0,332.0
2039.0,1698.0,1566.0,1041.0,732.0,150.0,232.0,463.0,757.0,889.0,1230.0,743.0,389.0,401.0,328.0,361.0,232.0,336.0,502.0,603.0,1007.0,552.0,308.0,885.0,671.0,943.0,243.0,86.0,178.0,76.0,14.0,23.0,74.0,57.8,798.0,342.0,518.0,309.0
2088.0,1774.0,1652.0,1082.0,815.0,141.0,270.0,479.0,840.0,962.0,1276.0,723.0,427.0,456.0,343.0,349.0,215.0,358.0,481.0,589.0,1031.0,592.0,368.0,890.0,758.0,960.0,272.0,103.0,186.0,81.0,16.0,29.0,76.0,68.1,801.0,366.0,518.0,331.0
2141.0,1780.0,1692.0,1117.0,800.0,132.0,274.0,489.0,849.0,937.0,1298.0,731.0,388.0,435.0,343.0,340.0,226.0,346.0,511.0,626.0,1104.0,558.0,347.0,876.0,695.0,976.0,267.0,98.0,187.0,84.0,16.0,28.0,74.0,65.2,839.0,361.0,518.0,352.0
2262.0,1872.0,1757.0,1154.0,850.0,128.0,262.0,527.0,865.0,980.0,1370.0,806.0,434.0,435.0,366.0,367.0,203.0,444.0,550.0,634.0,1195.0,584.0,376.0,938.0,784.0,933.0,279.0,108.0,193.0,90.0,14.0,27.0,83.0,72.4,856.0,379.0,517.0,359.0
1898.0,1622.0,1500.0,987.0,697.0,139.0,240.0,426.0,753.0,875.0,1151.0,678.0,396.0,418.0,318.0,344.0,236.0,305.0,456.0,559.0,965.0,558.0,320.0,869.0,676.0,919.0,237.0,85.0,170.0,73.0,15.0,25.0,62.0,56.4,721.0,359.0,516.0,303.0
2244.0,1859.0,1725.0,1144.0,798.0,136.0,233.0,525.0,814.0,948.0,1333.0,833.0,452.0,445.0,343.0,365.0,228.0,387.0,523.0,647.0,1140.0,563.0,358.0,925.0,788.0,978.0,281.0,98.0,204.0,88.0,18.0,27.0,80.0,75.1,889.0,386.0,516.0,349.0
2138.0,1804.0,1691.0,1088.0,778.0,132.0,231.0,498.0,834.0,947.0,1281.0,800.0,439.0,442.0,346.0,345.0,238.0,367.0,514.0,628.0,1078.0,586.0,345.0,905.0,816.0,967.0,263.0,108.0,191.0,82.0,17.0,26.0,72.0,68.1,806.0,363.0,516.0,329.0
1974.0,1645.0,1527.0,1022.0,691.0,132.0,240.0,462.0,745.0,863.0,1192.0,696.0,362.0,414.0,330.0,342.0,240.0,330.0,472.0,574.0,986.0,535.0,310.0,882.0,673.0,925.0,247.0,83.0,181.0,80.0,14.0,24.0,71.0,55.7,776.0,333.0,516.0,300.0
2092.0,1755.0,1645.0,1065.0,762.0,128.0,230.0,482.0,810.0,920.0,1257.0,780.0,399.0,422.0,332.0,334.0,225.0,347.0,475.0,588.0,1039.0,549.0,354.0,883.0,742.0,922.0,251.0,92.0,180.0,82.0,16.0,27.0,72.0,59.8,801.0,329.0,516.0,314.0
2204.0,1850.0,1766.0,1135.0,808.0,123.0,219.0,530.0,850.0,934.0,1288.0,732.0,431.0,473.0,345.0,357.0,210.0,370.0,496.0,641.0,1088.0,576.0,364.0,918.0,780.0,978.0,266.0,108.0,188.0,86.0,17.0,28.0,74.0,72.3,833.0,391.0,516.0,345.0
1838.0,1590.0,1502.0,978.0,728.0,147.0,243.0,430.0,767.0,855.0,1103.0,673.0,388.0,392.0,355.0,395.0,234.0,310.0,462.0,577.0,977.0,527.0,307.0,874.0,700.0,967.0,230.0,86.0,173.0,71.0,15.0,23.0,63.0,58.5,731.0,367.0,515.0,305.0
2010.0,1730.0,1600.0,1086.0,772.0,143.0,300.0,433.0,814.0,944.0,1224.0,735.0,381.0,441.0,323.0,328.0,227.0,349.0,492.0,601.0,1048.0,589.0,358.0,876.0,733.0,927.0,258.0,102.0,183.0,79.0,15.0,26.0,71.0,63.4,795.0,363.0,515.0,335.0
2148.0,1803.0,1694.0,1124.0,810.0,132.0,244.0,507.0,814.0,923.0,1268.0,755.0,422.0,445.0,323.0,355.0,215.0,361.0,501.0,629.0,1119.0,,353.0,883.0,730.0,919.0,263.0,96.0,184.0,84.0,16.0,24.0,75.0,65.0,847.0,364.0,515.0,331.0
2004.0,1691.0,1586.0,1041.0,746.0,131.0,261.0,467.0,806.0,911.0,1224.0,747.0,390.0,412.0,344.0,352.0,234.0,325.0,465.0,573.0,997.0,558.0,312.0,924.0,729.0,954.0,237.0,94.0,174.0,79.0,15.0,26.0,72.0,59.8,789.0,340.0,515.0,298.0
2045.0,1728.0,1603.0,1103.0,791.0,128.0,275.0,484.0,775.0,900.0,1217.0,699.0,362.0,398.0,342.0,351.0,201.0,322.0,489.0,590.0,1063.0,537.0,302.0,860.0,677.0,924.0,255.0,95.0,181.0,74.0,13.0,23.0,73.0,54.4,826.0,325.0,515.0,315.0
2080.0,1732.0,1622.0,1066.0,764.0,123.0,266.0,452.0,822.0,932.0,1280.0,709.0,451.0,441.0,345.0,346.0,203.0,360.0,467.0,601.0,1025.0,567.0,346.0,874.0,705.0,979.0,276.0,95.0,199.0,84.0,16.0,26.0,76.0,64.8,781.0,370.0,514.0,326.0
2270.0,1908.0,,1127.0,844.0,120.0,247.0,515.0,,1028.0,1390.0,895.0,394.0,452.0,350.0,379.0,243.0,369.0,512.0,625.0,1104.0,552.0,360.0,896.0,770.0,983.0,266.0,96.0,191.0,90.0,15.0,22.0,74.0,68.6,826.0,364.0,514.0,310.0
2333.0,1942.0,1836.0,1231.0,848.0,131.0,266.0,543.0,871.0,977.0,1368.0,849.0,408.0,440.0,346.0,358.0,236.0,398.0,556.0,671.0,1194.0,572.0,384.0,923.0,790.0,966.0,279.0,93.0,203.0,84.0,16.0,29.0,79.0,74.9,934.0,335.0,512.0,340.0
2049.0,1706.0,1588.0,1076.0,769.0,134.0,270.0,464.0,782.0,900.0,1243.0,728.0,395.0,409.0,347.0,376.0,241.0,343.0,501.0,595.0,1032.0,564.0,327.0,858.0,713.0,961.0,248.0,91.0,173.0,71.0,14.0,23.0,69.0,58.5,794.0,323.0,511.0,310.0
2269.0,1884.0,1787.0,1155.0,826.0,133.0,270.0,514.0,902.0,999.0,1384.0,765.0,452.0,459.0,336.0,350.0,246.0,395.0,512.0,646.0,1105.0,588.0,369.0,936.0,821.0,970.0,267.0,101.0,192.0,88.0,16.0,20.0,75.0,74.0,872.0,361.0,511.0,336.0
2155.0,1824.0,1734.0,1136.0,799.0,128.0,280.0,468.0,878.0,968.0,1299.0,763.0,434.0,466.0,360.0,366.0,230.0,346.0,493.0,595.0,1049.0,573.0,367.0,918.0,736.0,981.0,260.0,102.0,190.0,84.0,17.0,29.0,79.0,68.5,820.0,375.0,509.0,355.0
2167.0,1782.0,1698.0,1101.0,770.0,140.0,260.0,464.0,857.0,941.0,1326.0,735.0,415.0,441.0,331.0,329.0,234.0,358.0,527.0,637.0,1130.0,581.0,339.0,846.0,714.0,927.0,256.0,92.0,187.0,82.0,16.0,28.0,74.0,64.7,820.0,358.0,508.0,326.0
1894.0,1588.0,1470.0,979.0,709.0,140.0,259.0,420.0,750.0,868.0,1174.0,671.0,391.0,386.0,373.0,398.0,203.0,285.0,470.0,571.0,946.0,564.0,311.0,821.0,644.0,1003.0,237.0,88.0,170.0,71.0,15.0,23.0,63.0,55.5,723.0,349.0,508.0,295.0
2111.0,1771.0,1664.0,1096.0,813.0,138.0,247.0,473.0,815.0,922.0,1262.0,717.0,461.0,422.0,340.0,351.0,222.0,347.0,507.0,620.0,1061.0,563.0,346.0,937.0,714.0,953.0,257.0,103.0,198.0,92.0,15.0,24.0,74.0,62.7,836.0,354.0,508.0,339.0
2213.0,1836.0,1730.0,1213.0,781.0,135.0,326.0,531.0,843.0,949.0,1326.0,825.0,422.0,464.0,328.0,355.0,244.0,367.0,493.0,620.0,1124.0,578.0,345.0,949.0,831.0,965.0,280.0,106.0,204.0,87.0,16.0,32.0,80.0,73.0,883.0,384.0,508.0,354.0
2226.0,1850.0,1753.0,1151.0,818.0,139.0,249.0,505.0,851.0,948.0,1324.0,778.0,442.0,456.0,350.0,352.0,190.0,353.0,524.0,639.0,1106.0,566.0,335.0,909.0,713.0,926.0,280.0,104.0,187.0,83.0,17.0,29.0,73.0,64.9,866.0,325.0,507.0,335.0
2301.0,1898.0,1753.0,1178.0,843.0,141.0,275.0,536.0,850.0,995.0,1398.0,777.0,429.0,470.0,354.0,360.0,206.0,381.0,525.0,648.0,1116.0,580.0,361.0,869.0,796.0,985.0,281.0,103.0,203.0,93.0,18.0,27.0,80.0,75.8,886.0,361.0,506.0,363.0
2176.0,1830.0,1716.0,1133.0,834.0,134.0,238.0,494.0,821.0,935.0,1281.0,746.0,376.0,396.0,350.0,363.0,221.0,345.0,544.0,641.0,1110.0,549.0,299.0,834.0,670.0,966.0,251.0,88.0,179.0,73.0,15.0,25.0,77.0,58.9,878.0,327.0,506.0,322.0
2168.0,1827.0,1704.0,1141.0,815.0,130.0,284.0,491.0,847.0,970.0,1311.0,747.0,361.0,402.0,341.0,364.0,216.0,379.0,503.0,603.0,1081.0,,316.0,841.0,698.0,913.0,263.0,86.0,194.0,82.0,16.0,26.0,72.0,58.8,861.0,334.0,505.0,327.0
2175.0,1807.0,1699.0,1115.0,811.0,133.0,239.0,498.0,823.0,931.0,1299.0,744.0,433.0,433.0,330.0,338.0,186.0,352.0,499.0,620.0,1116.0,575.0,346.0,875.0,744.0,914.0,266.0,97.0,183.0,77.0,16.0,25.0,66.0,65.2,852.0,339.0,504.0,336.0
2375.0,1939.0,1845.0,1242.0,906.0,121.0,300.0,515.0,903.0,997.0,1433.0,792.0,408.0,436.0,335.0,430.0,224.0,382.0,566.0,680.0,1132.0,606.0,348.0,888.0,743.0,958.0,273.0,99.0,195.0,85.0,16.0,24.0,75.0,70.0,925.0,346.0,504.0,336.0
2084.0,1775.0,1653.0,1080.0,779.0,120.0,236.0,490.0,809.0,931.0,1240.0,724.0,378.0,433.0,323.0,336.0,192.0,361.0,502.0,612.0,1057.0,548.0,318.0,786.0,674.0,889.0,252.0,95.0,182.0,82.0,15.0,25.0,78.0,57.9,842.0,362.0,504.0,318.0
2263.0,1898.0,1774.0,1184.0,793.0,133.0,255.0,516.0,845.0,969.0,1334.0,801.0,425.0,454.0,329.0,335.0,205.0,377.0,530.0,650.0,1119.0,,375.0,898.0,740.0,936.0,274.0,105.0,195.0,85.0,16.0,25.0,78.0,68.2,891.0,353.0,503.0,379.0
1963.0,1685.0,1575.0,1050.0,738.0,141.0,273.0,436.0,798.0,908.0,1186.0,647.0,340.0,407.0,330.0,362.0,213.0,305.0,479.0,576.0,987.0,537.0,304.0,834.0,682.0,890.0,248.0,87.0,173.0,75.0,15.0,24.0,66.0,56.3,768.0,341.0,502.0,311.0
1927.0,1622.0,1521.0,1010.0,729.0,140.0,269.0,413.0,780.0,881.0,1186.0,674.0,341.0,394.0,342.0,370.0,223.0,324.0,476.0,564.0,967.0,549.0,300.0,853.0,661.0,944.0,234.0,93.0,169.0,71.0,13.0,29.0,62.0,50.8,745.0,327.0,502.0,287.0
2076.0,1744.0,1658.0,1077.0,784.0,149.0,208.0,480.0,789.0,875.0,1207.0,720.0,377.0,414.0,340.0,374.0,216.0,360.0,518.0,625.0,1088.0,548.0,305.0,820.0,657.0,945.0,245.0,93.0,183.0,75.0,15.0,23.0,71.0,56.3,840.0,334.0,501.0,305.0
1908.0,1651.0,1530.0,1026.0,754.0,129.0,234.0,458.0,738.0,859.0,1116.0,705.0,409.0,404.0,335.0,351.0,240.0,318.0,473.0,581.0,1007.0,541.0,304.0,880.0,691.0,936.0,233.0,86.0,169.0,70.0,13.0,24.0,63.0,55.2,783.0,338.0,501.0,309.0
1924.0,1607.0,1514.0,987.0,712.0,142.0,254.0,419.0,781.0,874.0,1191.0,738.0,381.0,416.0,354.0,360.0,233.0,315.0,470.0,571.0,966.0,540.0,308.0,879.0,704.0,992.0,246.0,88.0,171.0,72.0,14.0,26.0,67.0,55.7,710.0,344.0,499.0,307.0
2064.0,1711.0,1624.0,1050.0,798.0,134.0,220.0,480.0,794.0,881.0,1234.0,685.0,400.0,431.0,311.0,330.0,228.0,336.0,504.0,609.0,1035.0,565.0,330.0,909.0,714.0,855.0,240.0,86.0,176.0,72.0,15.0,24.0,72.0,58.7,800.0,355.0,499.0,295.0
1930.0,1627.0,1534.0,1005.0,670.0,129.0,247.0,417.0,776.0,869.0,1172.0,700.0,384.0,450.0,350.0,370.0,225.0,318.0,468.0,569.0,1000.0,510.0,310.0,889.0,710.0,925.0,233.0,91.0,170.0,78.0,14.0,24.0,65.0,53.2,723.0,360.0,499.0,288.0
2087.0,1749.0,1657.0,1091.0,767.0,125.0,265.0,489.0,831.0,923.0,1261.0,708.0,416.0,430.0,338.0,333.0,203.0,432.0,451.0,584.0,1057.0,562.0,345.0,864.0,751.0,,266.0,96.0,192.0,87.0,16.0,23.0,81.0,58.0,759.0,364.0,499.0,325.0
2011.0,1726.0,1631.0,1054.0,776.0,130.0,254.0,455.0,831.0,926.0,1211.0,684.0,455.0,447.0,319.0,331.0,233.0,343.0,459.0,576.0,1012.0,558.0,340.0,892.0,760.0,924.0,246.0,96.0,182.0,82.0,16.0,26.0,68.0,61.7,779.0,345.0,496.0,307.0
2003.0,1727.0,1612.0,1072.0,770.0,126.0,270.0,472.0,810.0,925.0,1201.0,708.0,404.0,426.0,331.0,346.0,219.0,349.0,467.0,573.0,998.0,552.0,321.0,907.0,644.0,922.0,278.0,105.0,191.0,79.0,15.0,26.0,73.0,58.3,789.0,370.0,496.0,339.0
2130.0,1816.0,1704.0,1133.0,806.0,121.0,268.0,486.0,839.0,951.0,1265.0,793.0,413.0,448.0,318.0,329.0,205.0,351.0,507.0,625.0,1131.0,573.0,342.0,847.0,733.0,899.0,268.0,101.0,186.0,89.0,16.0,28.0,79.0,62.1,788.0,349.0,495.0,323.0
1938.0,1655.0,1535.0,1036.0,746.0,124.0,263.0,438.0,762.0,882.0,1165.0,663.0,346.0,372.0,321.0,343.0,223.0,330.0,475.0,579.0,981.0,530.0,310.0,843.0,650.0,923.0,235.0,89.0,173.0,76.0,14.0,25.0,69.0,52.4,762.0,353.0,494.0,300.0
1859.0,1610.0,1491.0,1002.0,707.0,134.0,288.0,403.0,777.0,896.0,1145.0,611.0,385.0,388.0,312.0,338.0,206.0,289.0,432.0,531.0,924.0,536.0,313.0,808.0,685.0,888.0,224.0,85.0,171.0,76.0,14.0,21.0,67.0,51.3,703.0,322.0,493.0,301.0
2126.0,1795.0,1667.0,1105.0,755.0,132.0,266.0,476.0,828.0,956.0,1287.0,741.0,388.0,437.0,332.0,345.0,217.0,365.0,483.0,599.0,1017.0,566.0,353.0,831.0,707.0,934.0,255.0,99.0,184.0,85.0,16.0,26.0,66.0,60.5,822.0,324.0,493.0,331.0
2107.0,1780.0,1646.0,1120.0,785.0,124.0,287.0,481.0,813.0,947.0,1274.0,691.0,398.0,450.0,336.0,339.0,183.0,330.0,497.0,602.0,1022.0,585.0,365.0,874.0,750.0,920.0,259.0,105.0,183.0,83.0,17.0,28.0,76.0,62.0,804.0,355.0,493.0,329.0
1990.0,1642.0,1515.0,1016.0,736.0,136.0,252.0,434.0,751.0,878.0,1226.0,710.0,410.0,413.0,338.0,347.0,219.0,321.0,480.0,575.0,980.0,550.0,301.0,886.0,686.0,920.0,244.0,97.0,171.0,78.0,16.0,26.0,70.0,54.0,748.0,326.0,491.0,303.0
1972.0,1677.0,1603.0,1077.0,761.0,131.0,309.0,446.0,835.0,909.0,1204.0,688.0,415.0,414.0,341.0,345.0,231.0,328.0,458.0,523.0,1002.0,542.0,311.0,871.0,685.0,875.0,239.0,85.0,177.0,72.0,14.0,25.0,67.0,52.9,763.0,334.0,491.0,297.0
2235.0,1881.0,1770.0,1139.0,794.0,123.0,198.0,534.0,829.0,940.0,1294.0,789.0,439.0,463.0,336.0,433.0,239.0,386.0,528.0,655.0,1131.0,595.0,360.0,847.0,770.0,941.0,263.0,98.0,193.0,89.0,16.0,29.0,80.0,69.8,894.0,351.0,491.0,344.0
1847.0,1568.0,1446.0,978.0,691.0,114.0,248.0,423.0,716.0,838.0,1117.0,639.0,346.0,358.0,325.0,348.0,228.0,281.0,446.0,545.0,938.0,542.0,290.0,815.0,640.0,884.0,223.0,85.0,161.0,69.0,13.0,25.0,66.0,45.3,724.0,316.0,490.0,280.0
2078.0,1772.0,1669.0,1135.0,824.0,,304.0,480.0,838.0,941.0,1247.0,699.0,404.0,418.0,332.0,331.0,202.0,345.0,493.0,613.0,1051.0,548.0,331.0,835.0,705.0,904.0,261.0,96.0,191.0,81.0,14.0,24.0,69.0,59.3,804.0,334.0,487.0,341.0
1828.0,1565.0,1460.0,993.0,695.0,128.0,261.0,397.0,728.0,833.0,1096.0,635.0,364.0,368.0,320.0,343.0,229.0,283.0,449.0,547.0,940.0,558.0,280.0,830.0,665.0,900.0,216.0,81.0,152.0,66.0,12.0,23.0,57.0,46.7,703.0,315.0,486.0,284.0
1897.0,1632.0,1535.0,1025.0,723.0,123.0,290.0,427.0,800.0,897.0,1162.0,678.0,388.0,412.0,338.0,323.0,200.0,312.0,427.0,546.0,926.0,558.0,334.0,825.0,681.0,900.0,242.0,95.0,174.0,81.0,15.0,26.0,67.0,53.9,710.0,347.0,486.0,324.0
2014.0,1729.0,1603.0,1084.0,755.0,132.0,276.0,466.0,795.0,921.0,1206.0,725.0,386.0,399.0,330.0,344.0,214.0,328.0,460.0,580.0,993.0,588.0,360.0,841.0,690.0,900.0,249.0,100.0,181.0,81.0,17.0,26.0,71.0,58.0,775.0,345.0,485.0,320.0
2186.0,1800.0,1709.0,1112.0,810.0,127.0,247.0,505.0,844.0,935.0,1321.0,758.0,347.0,441.0,334.0,334.0,225.0,365.0,517.0,643.0,1110.0,582.0,338.0,925.0,784.0,918.0,255.0,95.0,189.0,85.0,16.0,29.0,70.0,63.3,809.0,355.0,484.0,318.0
1825.0,1570.0,1459.0,965.0,688.0,137.0,281.0,375.0,775.0,886.0,1141.0,661.0,362.0,367.0,305.0,334.0,226.0,303.0,449.0,526.0,896.0,555.0,306.0,800.0,611.0,879.0,218.0,82.0,163.0,68.0,13.0,20.0,63.0,48.4,667.0,346.0,483.0,280.0
2166.0,1836.0,1748.0,1150.0,843.0,124.0,273.0,507.0,871.0,959.0,1289.0,769.0,434.0,443.0,356.0,357.0,231.0,411.0,519.0,636.0,1146.0,574.0,362.0,928.0,778.0,957.0,269.0,91.0,190.0,83.0,15.0,20.0,74.0,70.1,854.0,349.0,482.0,340.0
2226.0,1865.0,1746.0,1182.0,802.0,120.0,256.0,513.0,820.0,939.0,1300.0,837.0,381.0,448.0,330.0,334.0,208.0,368.0,537.0,660.0,1112.0,548.0,347.0,846.0,705.0,918.0,272.0,95.0,195.0,83.0,15.0,24.0,77.0,62.6,899.0,309.0,481.0,322.0
2166.0,1816.0,1710.0,1108.0,758.0,132.0,232.0,504.0,834.0,940.0,1290.0,778.0,380.0,406.0,329.0,323.0,182.0,397.0,523.0,633.0,1054.0,580.0,338.0,805.0,695.0,898.0,265.0,102.0,193.0,80.0,15.0,26.0,74.0,59.5,844.0,329.0,478.0,345.0
2059.0,1729.0,1611.0,1053.0,792.0,124.0,238.0,460.0,796.0,914.0,1244.0,746.0,397.0,421.0,323.0,323.0,225.0,332.0,497.0,623.0,1057.0,576.0,350.0,869.0,670.0,885.0,241.0,90.0,176.0,73.0,15.0,26.0,70.0,53.8,786.0,318.0,478.0,316.0
2149.0,1798.0,1694.0,1179.0,796.0,128.0,277.0,516.0,792.0,896.0,1247.0,761.0,401.0,421.0,323.0,322.0,237.0,353.0,520.0,630.0,1142.0,571.0,334.0,851.0,727.0,903.0,254.0,90.0,180.0,79.0,16.0,25.0,67.0,57.9,884.0,312.0,474.0,328.0
2055.0,1702.0,1605.0,1042.0,720.0,112.0,209.0,467.0,772.0,869.0,1222.0,717.0,379.0,406.0,290.0,309.0,203.0,349.0,488.0,591.0,1036.0,554.0,330.0,817.0,693.0,860.0,259.0,100.0,179.0,84.0,17.0,26.0,71.0,51.8,820.0,320.0,467.0,323.0
2055.0,1709.0,1588.0,1093.0,786.0,111.0,250.0,482.0,745.0,866.0,1212.0,731.0,414.0,395.0,321.0,344.0,222.0,356.0,486.0,595.0,1045.0,559.0,339.0,876.0,700.0,889.0,254.0,94.0,182.0,84.0,16.0,24.0,68.0,55.2,809.0,322.0,466.0,320.0
2079.0,1703.0,1605.0,1021.0,695.0,119.0,159.0,490.0,743.0,841.0,1217.0,780.0,400.0,416.0,312.0,342.0,194.0,384.0,503.0,611.0,1106.0,551.0,342.0,841.0,757.0,879.0,261.0,92.0,186.0,83.0,16.0,20.0,75.0,54.7,757.0,339.0,463.0,334.0
1963.0,1656.0,1551.0,1013.0,717.0,119.0,227.0,455.0,765.0,870.0,1177.0,703.0,355.0,400.0,316.0,337.0,211.0,334.0,468.0,556.0,999.0,537.0,292.0,821.0,642.0,850.0,248.0,92.0,184.0,73.0,15.0,24.0,72.0,46.9,786.0,312.0,463.0,310.0
2153.0,1774.0,1660.0,1120.0,777.0,127.0,264.0,470.0,804.0,918.0,1297.0,725.0,412.0,442.0,314.0,330.0,186.0,363.0,509.0,615.0,1056.0,564.0,345.0,803.0,684.0,868.0,258.0,93.0,184.0,82.0,16.0,29.0,76.0,55.8,867.0,332.0,461.0,333.0
2129.0,1816.0,1708.0,1092.0,765.0,123.0,237.0,520.0,853.0,961.0,1274.0,751.0,342.0,405.0,325.0,330.0,214.0,340.0,488.0,628.0,1108.0,582.0,344.0,832.0,685.0,903.0,256.0,91.0,185.0,78.0,15.0,24.0,75.0,57.5,816.0,337.0,460.0,324.0
2246.0,1799.0,1677.0,1088.0,773.0,120.0,215.0,482.0,804.0,926.0,1373.0,829.0,395.0,473.0,340.0,343.0,223.0,364.0,503.0,614.0,1098.0,569.0,346.0,881.0,761.0,935.0,260.0,91.0,199.0,90.0,16.0,28.0,76.0,63.6,833.0,331.0,460.0,321.0
2202.0,1841.0,1729.0,1118.0,758.0,120.0,237.0,513.0,848.0,960.0,1321.0,783.0,364.0,454.0,340.0,337.0,213.0,388.0,508.0,630.0,1122.0,548.0,348.0,890.0,702.0,907.0,263.0,90.0,186.0,80.0,17.0,27.0,72.0,61.6,863.0,320.0,455.0,331.0
2094.0,1757.0,1655.0,1086.0,763.0,125.0,246.0,500.0,815.0,917.0,1254.0,736.0,380.0,421.0,298.0,325.0,171.0,350.0,487.0,598.0,1049.0,560.0,329.0,816.0,695.0,859.0,261.0,100.0,188.0,78.0,16.0,25.0,76.0,54.3,800.0,315.0,440.0,324.0
2036.0,1694.0,1597.0,1057.0,751.0,95.0,192.0,470.0,732.0,829.0,1171.0,671.0,350.0,386.0,286.0,305.0,221.0,345.0,511.0,599.0,1067.0,551.0,291.0,817.0,603.0,788.0,244.0,92.0,179.0,76.0,12.0,22.0,73.0,44.6,849.0,313.0,425.0,298.0
2046.0,1697.0,1568.0,1056.0,756.0,160.0,265.0,452.0,777.0,906.0,1255.0,735.0,393.0,416.0,344.0,364.0,232.0,333.0,487.0,602.0,1018.0,544.0,319.0,901.0,683.0,978.0,240.0,90.0,180.0,74.0,15.0,26.0,72.0,61.9,767.0,366.0,,311.0
2006.0,1709.0,1598.0,1059.0,769.0,151.0,247.0,478.0,786.0,897.0,1194.0,751.0,396.0,409.0,350.0,373.0,246.0,334.0,483.0,600.0,1043.0,559.0,318.0,901.0,759.0,990.0,234.0,85.0,182.0,78.0,14.0,26.0,74.0,64.1,806.0,360.0,,313.0
2154.0,1788.0,1684.0,1101.0,781.0,145.0,268.0,477.0,851.0,955.0,1321.0,759.0,420.0,468.0,349.0,354.0,202.0,350.0,484.0,598.0,1050.0,585.0,383.0,860.0,749.0,969.0,251.0,106.0,188.0,88.0,18.0,26.0,72.0,65.5,812.0,339.0,,332.0
2234.0,1845.0,1745.0,1227.0,803.0,144.0,341.0,514.0,859.0,959.0,1348.0,781.0,434.0,442.0,356.0,370.0,233.0,369.0,518.0,655.0,1153.0,588.0,369.0,944.0,801.0,1004.0,282.0,96.0,195.0,77.0,17.0,25.0,79.0,76.8,865.0,382.0,,360.0
2081.0,1759.0,1629.0,1093.0,787.0,131.0,252.0,490.0,788.0,918.0,1240.0,704.0,365.0,409.0,365.0,405.0,254.0,353.0,524.0,625.0,1075.0,580.0,306.0,886.0,695.0,968.0,247.0,90.0,180.0,77.0,13.0,25.0,73.0,63.7,836.0,349.0,,312.0
