Stature,Head breadth,Head depth,Head circumference,Face length
1872.0,184.0,212.0,638.0,132.0
1829.0,172.0,200.0,596.0,124.0
1731.0,152.0,191.0,560.0,119.0
1828.0,154.0,190.0,559.0,132.0
1762.0,152.0,204.0,575.0,123.0
1806.0,159.0,191.0,580.0,135.0
1702.0,153.0,198.0,578.0,113.0
1705.0,148.0,184.0,531.0,116.0
1578.0,142.0,182.0,537.0,112.0
1582.0,145.0,192.0,557.0,114.0
1836.0,160.0,198.0,582.0,137.0
1590.0,157.0,197.0,574.0,125.0
1771.0,164.0,184.0,561.0,127.0
1829.0,156.0,206.0,600.0,118.0
1704.0,168.0,199.0,597.0,127.0
1712.0,155.0,199.0,574.0,120.0
1680.0,159.0,193.0,568.0,109.0
1637.0,146.0,196.0,551.0,114.0
1819.0,151.0,196.0,569.0,132.0
1714.0,143.0,194.0,555.0,123.0
1840.0,156.0,206.0,574.0,114.0
1854.0,160.0,214.0,601.0,137.0
1803.0,152.0,204.0,584.0,122.0
1753.0,154.0,215.0,602.0,124.0
1583.0,145.0,173.0,538.0,114.0
1576.0,154.0,192.0,560.0,121.0
1619.0,143.0,178.0,534.0,113.0
1584.0,142.0,182.0,540.0,114.0
1466.0,141.0,180.0,552.0,106.0
1721.0,163.0,202.0,588.0,125.0
1765.0,146.0,190.0,544.0,123.0
1655.0,150.0,186.0,546.0,110.0
1721.0,150.0,191.0,560.0,123.0
1799.0,151.0,198.0,576.0,117.0
1857.0,158.0,210.0,601.0,125.0
1601.0,154.0,194.0,562.0,107.0
1740.0,145.0,189.0,544.0,112.0
1611.0,137.0,190.0,535.0,114.0
1886.0,165.0,202.0,592.0,123.0
1647.0,151.0,187.0,560.0,118.0
1645.0,141.0,192.0,549.0,109.0
1926.0,160.0,200.0,586.0,118.0
1625.0,151.0,181.0,545.0,123.0
1791.0,167.0,206.0,589.0,120.0
1627.0,142.0,188.0,545.0,113.0
1645.0,143.0,193.0,560.0,117.0
1557.0,144.0,187.0,546.0,109.0
1669.0,151.0,197.0,569.0,111.0
1736.0,155.0,201.0,578.0,118.0
1810.0,153.0,202.0,587.0,127.0
1879.0,155.0,195.0,574.0,125.0
1816.0,157.0,207.0,587.0,131.0
1622.0,144.0,194.0,548.0,122.0
1740.0,142.0,201.0,571.0,119.0
1818.0,156.0,195.0,559.0,114.0
1616.0,145.0,189.0,553.0,113.0
1671.0,145.0,190.0,550.0,110.0
1694.0,150.0,190.0,545.0,124.0
1679.0,143.0,199.0,560.0,111.0
1634.0,159.0,195.0,579.0,119.0
1582.0,145.0,184.0,548.0,106.0
1546.0,152.0,178.0,539.0,107.0
1610.0,150.0,185.0,554.0,123.0
1528.0,144.0,185.0,533.0,103.0
1686.0,148.0,188.0,550.0,111.0
1685.0,151.0,197.0,595.0,121.0
1705.0,161.0,185.0,555.0,118.0
1704.0,153.0,193.0,576.0,133.0
1827.0,148.0,189.0,548.0,125.0
1859.0,156.0,211.0,602.0,126.0
1635.0,145.0,196.0,558.0,112.0
1887.0,154.0,209.0,599.0,127.0
1800.0,145.0,197.0,563.0,121.0
1732.0,160.0,205.0,594.0,119.0
1825.0,158.0,208.0,599.0,122.0
1657.0,163.0,193.0,567.0,121.0
1824.0,149.0,194.0,570.0,122.0
1652.0,142.0,189.0,550.0,113.0
1620.0,144.0,188.0,550.0,121.0
1631.0,143.0,182.0,536.0,118.0
1779.0,161.0,207.0,597.0,135.0
1597.0,142.0,184.0,539.0,111.0
1527.0,152.0,170.0,523.0,111.0
1645.0,149.0,187.0,546.0,116.0
1848.0,153.0,201.0,579.0,129.0
1871.0,156.0,214.0,600.0,127.0
1615.0,149.0,192.0,571.0,121.0
1759.0,155.0,196.0,566.0,125.0
1668.0,152.0,195.0,568.0,113.0
1905.0,156.0,213.0,595.0,127.0
1729.0,157.0,203.0,585.0,125.0
1710.0,166.0,189.0,558.0,116.0
1826.0,161.0,208.0,596.0,127.0
1694.0,151.0,205.0,579.0,125.0
1770.0,164.0,198.0,588.0,126.0
1651.0,148.0,181.0,540.0,116.0
1780.0,157.0,206.0,587.0,121.0
1646.0,146.0,181.0,532.0,112.0
1794.0,165.0,186.0,567.0,124.0
1900.0,158.0,201.0,572.0,124.0
1766.0,148.0,206.0,576.0,115.0
1866.0,160.0,199.0,585.0,125.0
1784.0,145.0,200.0,555.0,116.0
1572.0,142.0,177.0,525.0,110.0
1754.0,158.0,202.0,582.0,126.0
1740.0,145.0,199.0,560.0,114.0
1809.0,147.0,194.0,553.0,113.0
1800.0,153.0,202.0,578.0,116.0
1736.0,159.0,202.0,577.0,121.0
1826.0,163.0,206.0,595.0,134.0
1765.0,157.0,190.0,568.0,121.0
1771.0,151.0,198.0,561.0,120.0
1770.0,154.0,207.0,584.0,124.0
1747.0,151.0,196.0,556.0,122.0
1775.0,157.0,212.0,602.0,123.0
1872.0,152.0,205.0,597.0,123.0
1661.0,148.0,190.0,549.0,114.0
1677.0,152.0,203.0,588.0,118.0
1541.0,143.0,178.0,520.0,104.0
1575.0,146.0,180.0,530.0,113.0
1574.0,148.0,180.0,538.0,115.0
1876.0,164.0,208.0,597.0,128.0
1737.0,146.0,208.0,580.0,125.0
1728.0,151.0,199.0,584.0,121.0
1743.0,152.0,198.0,565.0,117.0
1798.0,166.0,219.0,627.0,118.0
1729.0,161.0,193.0,560.0,143.0
1730.0,156.0,184.0,550.0,116.0
2084.0,156.0,204.0,592.0,142.0
1708.0,151.0,196.0,566.0,133.0
1746.0,161.0,202.0,600.0,113.0
1658.0,149.0,188.0,550.0,110.0
1518.0,152.0,185.0,548.0,106.0
1619.0,150.0,193.0,583.0,121.0
1613.0,145.0,184.0,525.0,113.0
1809.0,158.0,203.0,585.0,121.0
1882.0,158.0,205.0,595.0,122.0
1636.0,158.0,183.0,552.0,112.0
1623.0,150.0,185.0,550.0,110.0
1669.0,145.0,185.0,534.0,112.0
1591.0,147.0,192.0,553.0,118.0
1695.0,147.0,195.0,561.0,120.0
1743.0,148.0,198.0,563.0,117.0
1679.0,163.0,206.0,590.0,115.0
1762.0,163.0,201.0,592.0,122.0
1689.0,155.0,195.0,568.0,124.0
1700.0,156.0,203.0,582.0,118.0
1632.0,149.0,190.0,559.0,107.0
1721.0,155.0,205.0,589.0,125.0
1789.0,156.0,202.0,574.0,128.0
1505.0,150.0,174.0,534.0,114.0
1865.0,155.0,207.0,595.0,123.0
1704.0,157.0,204.0,591.0,125.0
1749.0,154.0,209.0,596.0,124.0
1849.0,153.0,211.0,590.0,128.0
1765.0,163.0,218.0,622.0,129.0
1596.0,151.0,194.0,564.0,112.0
1872.0,161.0,208.0,592.0,130.0
1772.0,164.0,193.0,576.0,118.0
1805.0,151.0,208.0,596.0,125.0
1642.0,155.0,186.0,554.0,114.0
1453.0,139.0,187.0,533.0,108.0
1674.0,175.0,188.0,582.0,115.0
1663.0,144.0,189.0,537.0,102.0
1751.0,150.0,195.0,561.0,117.0
1838.0,166.0,199.0,594.0,125.0
1644.0,147.0,192.0,572.0,121.0
1606.0,148.0,180.0,533.0,111.0
1811.0,155.0,195.0,572.0,123.0
1644.0,146.0,201.0,565.0,115.0
1876.0,155.0,204.0,590.0,115.0
1686.0,152.0,195.0,570.0,116.0
1746.0,140.0,190.0,542.0,121.0
1774.0,153.0,197.0,569.0,138.0
1724.0,143.0,202.0,572.0,114.0
1772.0,152.0,192.0,564.0,123.0
1652.0,144.0,187.0,548.0,109.0
1541.0,141.0,180.0,530.0,112.0
1625.0,154.0,190.0,562.0,105.0
1746.0,155.0,195.0,566.0,120.0
1852.0,157.0,201.0,584.0,125.0
1784.0,153.0,204.0,578.0,118.0
1572.0,149.0,192.0,563.0,115.0
1715.0,158.0,210.0,595.0,119.0
1687.0,147.0,198.0,565.0,113.0
1620.0,154.0,202.0,575.0,112.0
1695.0,144.0,189.0,552.0,120.0
1621.0,158.0,198.0,587.0,112.0
1761.0,157.0,213.0,600.0,109.0
1780.0,150.0,196.0,565.0,111.0
1730.0,151.0,190.0,555.0,110.0
1740.0,156.0,194.0,570.0,124.0
1577.0,143.0,178.0,520.0,106.0
1760.0,153.0,196.0,569.0,115.0
1591.0,137.0,187.0,521.0,116.0
1627.0,149.0,184.0,555.0,119.0
1828.0,159.0,197.0,568.0,129.0
1793.0,145.0,198.0,558.0,126.0
1756.0,166.0,197.0,590.0,124.0
1522.0,155.0,178.0,551.0,108.0
1854.0,156.0,203.0,599.0,122.0
1715.0,146.0,195.0,560.0,125.0
1676.0,147.0,195.0,580.0,119.0
1597.0,162.0,194.0,570.0,126.0
1635.0,155.0,190.0,564.0,126.0
1708.0,144.0,198.0,556.0,120.0
1664.0,150.0,187.0,547.0,106.0
1559.0,143.0,180.0,528.0,107.0
1603.0,139.0,188.0,555.0,108.0
1820.0,152.0,205.0,583.0,121.0
1612.0,143.0,193.0,552.0,112.0
1752.0,152.0,198.0,563.0,106.0
1775.0,151.0,191.0,557.0,123.0
1910.0,158.0,197.0,573.0,121.0
1656.0,143.0,179.0,522.0,112.0
1827.0,164.0,211.0,600.0,132.0
1839.0,159.0,197.0,573.0,119.0
1648.0,152.0,191.0,566.0,115.0
1622.0,141.0,195.0,551.0,112.0
1560.0,158.0,180.0,548.0,111.0
1793.0,154.0,204.0,589.0,118.0
1765.0,160.0,192.0,580.0,123.0
1689.0,157.0,184.0,554.0,118.0
1730.0,162.0,199.0,582.0,118.0
1712.0,155.0,205.0,578.0,120.0
1740.0,154.0,199.0,576.0,116.0
1734.0,143.0,192.0,549.0,120.0
1777.0,160.0,200.0,583.0,145.0
1688.0,149.0,199.0,570.0,129.0
1566.0,141.0,190.0,544.0,111.0
1869.0,151.0,193.0,558.0,123.0
1674.0,156.0,202.0,585.0,120.0
1630.0,146.0,180.0,532.0,103.0
1805.0,154.0,205.0,587.0,119.0
1668.0,144.0,194.0,548.0,113.0
1742.0,158.0,185.0,563.0,132.0
1523.0,154.0,170.0,520.0,112.0
1901.0,151.0,205.0,585.0,111.0
1564.0,152.0,179.0,532.0,108.0
1836.0,159.0,214.0,606.0,127.0
1657.0,153.0,200.0,577.0,122.0
1847.0,162.0,215.0,616.0,131.0
1722.0,147.0,190.0,554.0,108.0
1825.0,143.0,195.0,554.0,117.0
1928.0,152.0,211.0,589.0,133.0
1692.0,151.0,195.0,555.0,121.0
1849.0,151.0,187.0,556.0,111.0
1620.0,140.0,178.0,531.0,113.0
1615.0,156.0,191.0,563.0,119.0
1766.0,151.0,204.0,593.0,125.0
1584.0,149.0,181.0,538.0,116.0
1548.0,145.0,188.0,553.0,111.0
1567.0,170.0,177.0,566.0,112.0
1781.0,151.0,203.0,583.0,115.0
1806.0,159.0,209.0,596.0,124.0
1741.0,155.0,204.0,589.0,125.0
1864.0,160.0,206.0,592.0,124.0
1755.0,156.0,201.0,587.0,123.0
1655.0,150.0,187.0,565.0,109.0
1665.0,154.0,200.0,590.0,124.0
1921.0,146.0,205.0,584.0,120.0
1678.0,162.0,190.0,569.0,123.0
1621.0,136.0,188.0,536.0,109.0
1771.0,160.0,205.0,589.0,124.0
1541.0,144.0,185.0,535.0,110.0
1722.0,156.0,201.0,580.0,133.0
1771.0,160.0,205.0,589.0,124.0
1783.0,151.0,196.0,577.0,128.0
1712.0,152.0,202.0,573.0,126.0
1904.0,144.0,204.0,570.0,128.0
1694.0,152.0,192.0,564.0,113.0
1639.0,143.0,192.0,551.0,116.0
1554.0,143.0,193.0,544.0,115.0
1614.0,144.0,199.0,565.0,120.0
1565.0,148.0,187.0,555.0,108.0
1682.0,143.0,194.0,535.0,115.0
1638.0,144.0,192.0,545.0,117.0
1594.0,149.0,191.0,552.0,113.0
1572.0,145.0,190.0,550.0,116.0
1556.0,150.0,180.0,535.0,97.0
1491.0,147.0,178.0,532.0,106.0
1819.0,155.0,196.0,571.0,119.0
1950.0,160.0,204.0,605.0,130.0
1776.0,158.0,198.0,572.0,132.0
1800.0,161.0,203.0,594.0,125.0
1672.0,146.0,180.0,522.0,111.0
1666.0,144.0,191.0,554.0,123.0
1754.0,146.0,206.0,585.0,123.0
1794.0,157.0,207.0,591.0,120.0
1794.0,149.0,200.0,572.0,115.0
1833.0,156.0,190.0,578.0,112.0
1770.0,152.0,197.0,575.0,119.0
1606.0,145.0,189.0,532.0,102.0
1574.0,146.0,187.0,557.0,103.0
1879.0,145.0,200.0,564.0,120.0
1753.0,148.0,192.0,557.0,120.0
1775.0,156.0,191.0,565.0,124.0
1538.0,148.0,174.0,532.0,110.0
1685.0,157.0,195.0,578.0,116.0
1574.0,146.0,193.0,554.0,112.0
1561.0,144.0,181.0,534.0,112.0
1552.0,152.0,180.0,532.0,109.0
1698.0,147.0,189.0,537.0,114.0
1862.0,157.0,211.0,599.0,120.0
1658.0,146.0,194.0,560.0,115.0
1696.0,140.0,184.0,539.0,103.0
1822.0,156.0,203.0,599.0,124.0
1813.0,161.0,205.0,599.0,129.0
1746.0,150.0,196.0,565.0,122.0
1646.0,148.0,195.0,562.0,121.0
1692.0,149.0,195.0,558.0,109.0
1719.0,156.0,207.0,594.0,130.0
1746.0,144.0,189.0,548.0,117.0
1775.0,161.0,202.0,586.0,124.0
1855.0,152.0,204.0,586.0,138.0
1761.0,155.0,213.0,609.0,122.0
1775.0,147.0,192.0,554.0,116.0
1737.0,165.0,201.0,599.0,124.0
1805.0,160.0,202.0,594.0,122.0
1852.0,153.0,201.0,572.0,124.0
1886.0,154.0,205.0,586.0,125.0
1785.0,155.0,201.0,589.0,116.0
1812.0,157.0,204.0,595.0,129.0
1854.0,149.0,205.0,578.0,129.0
1781.0,146.0,205.0,575.0,115.0
1648.0,132.0,191.0,539.0,113.0
1749.0,156.0,207.0,586.0,112.0
1749.0,144.0,200.0,558.0,108.0
1813.0,156.0,210.0,602.0,120.0
1607.0,147.0,191.0,552.0,126.0
1614.0,145.0,193.0,546.0,111.0
1876.0,161.0,218.0,617.0,129.0
1730.0,146.0,209.0,575.0,125.0
1717.0,157.0,202.0,576.0,122.0
1759.0,150.0,196.0,568.0,115.0
1765.0,153.0,208.0,583.0,123.0
1817.0,160.0,201.0,585.0,124.0
1800.0,166.0,195.0,586.0,118.0
1810.0,151.0,205.0,580.0,114.0
1792.0,149.0,211.0,592.0,125.0
1657.0,159.0,195.0,575.0,125.0
1781.0,155.0,192.0,564.0,115.0
1832.0,147.0,204.0,576.0,119.0
1602.0,147.0,177.0,532.0,109.0
1719.0,155.0,195.0,566.0,122.0
1831.0,155.0,206.0,597.0,128.0
1741.0,150.0,208.0,577.0,120.0
1810.0,151.0,199.0,570.0,113.0
1860.0,157.0,207.0,588.0,125.0
1728.0,150.0,200.0,568.0,117.0
1694.0,142.0,199.0,562.0,117.0
1907.0,155.0,195.0,572.0,134.0
1791.0,148.0,205.0,576.0,126.0
1576.0,151.0,187.0,555.0,108.0
1631.0,152.0,188.0,557.0,119.0
1821.0,157.0,204.0,589.0,124.0
1725.0,154.0,200.0,587.0,117.0
1591.0,143.0,189.0,541.0,107.0
1625.0,143.0,189.0,542.0,109.0
1717.0,162.0,196.0,582.0,116.0
1770.0,158.0,196.0,571.0,119.0
1607.0,146.0,176.0,536.0,103.0
1705.0,144.0,200.0,563.0,110.0
1600.0,166.0,195.0,589.0,122.0
1620.0,146.0,186.0,547.0,108.0
1659.0,150.0,179.0,534.0,106.0
1711.0,147.0,196.0,566.0,112.0
1665.0,157.0,204.0,581.0,119.0
1601.0,144.0,184.0,536.0,107.0
1798.0,150.0,197.0,569.0,127.0
1627.0,143.0,184.0,536.0,109.0
1641.0,147.0,198.0,545.0,111.0
1624.0,140.0,176.0,531.0,114.0
1815.0,152.0,210.0,595.0,121.0
1812.0,160.0,214.0,613.0,137.0
1714.0,159.0,192.0,569.0,114.0
1805.0,152.0,196.0,569.0,126.0
1820.0,151.0,203.0,581.0,123.0
1617.0,142.0,182.0,532.0,107.0
1780.0,143.0,212.0,582.0,112.0
1752.0,161.0,219.0,617.0,119.0
1795.0,165.0,206.0,605.0,118.0
1779.0,156.0,198.0,578.0,108.0
1732.0,158.0,196.0,582.0,116.0
1826.0,153.0,207.0,581.0,102.0
1699.0,163.0,187.0,562.0,125.0
1756.0,137.0,191.0,551.0,126.0
1754.0,169.0,200.0,610.0,118.0
1765.0,154.0,190.0,556.0,121.0
1796.0,152.0,200.0,560.0,117.0
1575.0,146.0,180.0,545.0,108.0
1705.0,166.0,194.0,582.0,115.0
1760.0,145.0,205.0,575.0,122.0
1795.0,159.0,211.0,606.0,118.0
1744.0,161.0,206.0,591.0,119.0
1735.0,154.0,200.0,581.0,116.0
1982.0,163.0,204.0,598.0,122.0
1722.0,156.0,204.0,589.0,131.0
1791.0,149.0,196.0,563.0,124.0
1720.0,159.0,202.0,591.0,116.0
1775.0,155.0,213.0,598.0,121.0
1801.0,162.0,204.0,605.0,123.0
1837.0,162.0,194.0,584.0,121.0
1702.0,141.0,182.0,540.0,116.0
1791.0,152.0,209.0,587.0,125.0
1878.0,154.0,210.0,600.0,120.0
1676.0,150.0,201.0,585.0,121.0
1740.0,163.0,187.0,566.0,114.0
1883.0,150.0,208.0,586.0,122.0
1787.0,154.0,203.0,586.0,128.0
1822.0,157.0,193.0,565.0,122.0
1645.0,159.0,205.0,595.0,118.0
1908.0,154.0,214.0,605.0,127.0
1645.0,140.0,192.0,558.0,120.0
1755.0,158.0,187.0,561.0,127.0
1816.0,157.0,199.0,576.0,129.0
1735.0,152.0,199.0,571.0,116.0
1780.0,164.0,187.0,572.0,123.0
1625.0,147.0,191.0,562.0,114.0
1831.0,158.0,204.0,593.0,134.0
1760.0,150.0,203.0,583.0,128.0
1630.0,152.0,191.0,559.0,113.0
1673.0,167.0,201.0,607.0,117.0
1840.0,149.0,204.0,581.0,127.0
1842.0,167.0,209.0,607.0,119.0
1591.0,149.0,186.0,555.0,114.0
1683.0,155.0,188.0,548.0,119.0
1818.0,147.0,192.0,563.0,118.0
1799.0,152.0,205.0,580.0,128.0
1730.0,152.0,194.0,567.0,124.0
1805.0,156.0,195.0,576.0,115.0
1750.0,152.0,194.0,563.0,115.0
1981.0,149.0,202.0,576.0,123.0
1753.0,156.0,202.0,585.0,115.0
1631.0,163.0,200.0,581.0,109.0
1775.0,147.0,203.0,564.0,117.0
1557.0,140.0,188.0,563.0,109.0
1739.0,148.0,206.0,586.0,113.0
1842.0,152.0,209.0,580.0,116.0
1737.0,148.0,196.0,565.0,108.0
1749.0,155.0,198.0,581.0,127.0
1857.0,160.0,201.0,597.0,115.0
1901.0,150.0,210.0,591.0,123.0
1925.0,152.0,207.0,595.0,123.0
1814.0,160.0,210.0,600.0,122.0
1810.0,155.0,196.0,573.0,119.0
1710.0,164.0,190.0,581.0,118.0
1710.0,150.0,195.0,564.0,125.0
1552.0,151.0,184.0,560.0,112.0
1814.0,149.0,205.0,583.0,124.0
1842.0,153.0,194.0,564.0,116.0
1633.0,148.0,189.0,570.0,112.0
1761.0,144.0,201.0,570.0,127.0
1806.0,156.0,195.0,571.0,119.0
1903.0,155.0,199.0,584.0,128.0
1806.0,156.0,200.0,582.0,118.0
1942.0,145.0,201.0,577.0,119.0
1790.0,150.0,200.0,567.0,127.0
1748.0,140.0,185.0,550.0,112.0
1883.0,150.0,202.0,580.0,122.0
1649.0,140.0,191.0,555.0,116.0
1667.0,142.0,183.0,545.0,108.0
1732.0,153.0,196.0,565.0,130.0
1741.0,145.0,211.0,588.0,118.0
1845.0,147.0,194.0,575.0,112.0
1714.0,152.0,186.0,570.0,124.0
1768.0,158.0,201.0,579.0,126.0
1852.0,165.0,197.0,588.0,120.0
1741.0,154.0,188.0,565.0,123.0
1716.0,145.0,195.0,576.0,123.0
1815.0,168.0,207.0,615.0,121.0
1688.0,153.0,197.0,570.0,120.0
1801.0,146.0,202.0,585.0,125.0
1842.0,145.0,205.0,572.0,119.0
1550.0,141.0,186.0,560.0,105.0
1903.0,160.0,200.0,592.0,122.0
1805.0,165.0,186.0,568.0,123.0
1696.0,154.0,187.0,554.0,111.0
1731.0,155.0,193.0,565.0,122.0
1626.0,146.0,211.0,589.0,123.0
1655.0,140.0,183.0,546.0,117.0
1624.0,165.0,184.0,568.0,106.0
1721.0,150.0,198.0,577.0,119.0
1789.0,156.0,207.0,592.0,124.0
1844.0,150.0,206.0,583.0,119.0
1805.0,156.0,204.0,579.0,128.0
1769.0,167.0,201.0,595.0,128.0
1608.0,150.0,191.0,563.0,115.0
1600.0,154.0,198.0,582.0,104.0
1623.0,145.0,189.0,571.0,115.0
1811.0,156.0,200.0,588.0,124.0
1621.0,155.0,185.0,553.0,108.0
1766.0,157.0,200.0,571.0,129.0
1646.0,140.0,187.0,555.0,121.0
1620.0,151.0,191.0,570.0,103.0
1773.0,146.0,201.0,575.0,131.0
1699.0,145.0,190.0,560.0,114.0
1497.0,147.0,189.0,549.0,112.0
1602.0,148.0,186.0,552.0,105.0
1605.0,146.0,185.0,540.0,109.0
1619.0,144.0,182.0,545.0,111.0
1810.0,171.0,205.0,609.0,124.0
1510.0,133.0,168.0,496.0,96.0
1743.0,161.0,197.0,582.0,130.0
1893.0,154.0,204.0,599.0,130.0
1761.0,160.0,201.0,590.0,114.0
1690.0,150.0,194.0,594.0,115.0
1854.0,154.0,211.0,604.0,128.0
1784.0,165.0,199.0,597.0,130.0
1691.0,150.0,187.0,548.0,115.0
1964.0,161.0,190.0,568.0,117.0
1780.0,150.0,196.0,601.0,118.0
1711.0,151.0,186.0,556.0,121.0
1774.0,145.0,197.0,586.0,111.0
1736.0,153.0,201.0,577.0,125.0
1737.0,151.0,182.0,553.0,109.0
1636.0,141.0,185.0,545.0,107.0
1830.0,166.0,210.0,603.0,121.0
1765.0,157.0,196.0,582.0,118.0
1732.0,135.0,185.0,545.0,109.0
1720.0,161.0,204.0,597.0,124.0
1634.0,141.0,180.0,540.0,109.0
1764.0,152.0,198.0,575.0,110.0
1805.0,154.0,213.0,593.0,120.0
1913.0,150.0,211.0,595.0,121.0
1645.0,151.0,190.0,560.0,124.0
1675.0,145.0,185.0,555.0,104.0
1839.0,155.0,196.0,560.0,116.0
1872.0,150.0,201.0,577.0,117.0
1854.0,157.0,205.0,592.0,119.0
1796.0,162.0,210.0,612.0,122.0
1839.0,164.0,208.0,606.0,121.0
1788.0,142.0,182.0,545.0,117.0
1677.0,145.0,193.0,563.0,126.0
1940.0,155.0,213.0,601.0,144.0
1869.0,157.0,205.0,588.0,133.0
1806.0,160.0,202.0,589.0,122.0
1608.0,151.0,169.0,522.0,99.0
1759.0,158.0,195.0,577.0,123.0
1693.0,155.0,206.0,587.0,116.0
1600.0,160.0,187.0,555.0,114.0
1831.0,162.0,205.0,601.0,130.0
1651.0,145.0,185.0,546.0,116.0
1665.0,150.0,186.0,578.0,111.0
1745.0,146.0,199.0,562.0,118.0
1631.0,145.0,172.0,530.0,112.0
1695.0,146.0,191.0,552.0,109.0
1734.0,162.0,185.0,562.0,117.0
1830.0,162.0,205.0,600.0,126.0
1381.0,147.0,191.0,555.0,103.0
1621.0,160.0,195.0,573.0,112.0
1683.0,158.0,201.0,588.0,117.0
1850.0,149.0,208.0,589.0,122.0
1651.0,145.0,182.0,553.0,122.0
1835.0,156.0,204.0,566.0,120.0
1719.0,154.0,194.0,577.0,111.0
1664.0,144.0,200.0,574.0,128.0
1687.0,151.0,194.0,567.0,123.0
1720.0,156.0,205.0,593.0,113.0
1664.0,156.0,199.0,577.0,109.0
1805.0,150.0,204.0,569.0,112.0
1604.0,140.0,180.0,530.0,106.0
1676.0,142.0,182.0,559.0,102.0
1629.0,143.0,184.0,542.0,101.0
1759.0,146.0,195.0,565.0,115.0
1542.0,150.0,195.0,595.0,111.0
1792.0,147.0,192.0,571.0,114.0
1615.0,142.0,186.0,549.0,115.0
1769.0,154.0,194.0,567.0,109.0
1726.0,160.0,194.0,574.0,114.0
1785.0,157.0,204.0,594.0,123.0
1834.0,159.0,215.0,610.0,123.0
1850.0,154.0,205.0,590.0,126.0
1713.0,145.0,191.0,557.0,115.0
1754.0,154.0,206.0,593.0,122.0
1640.0,149.0,190.0,560.0,114.0
1850.0,157.0,209.0,599.0,131.0
1670.0,157.0,199.0,580.0,126.0
1622.0,145.0,176.0,522.0,116.0
1849.0,154.0,208.0,592.0,127.0
1569.0,145.0,185.0,540.0,101.0
1653.0,149.0,182.0,546.0,104.0
1565.0,141.0,191.0,553.0,101.0
1696.0,153.0,186.0,570.0,121.0
1879.0,170.0,206.0,607.0,120.0
1585.0,144.0,182.0,535.0,102.0
1842.0,154.0,202.0,582.0,125.0
1556.0,145.0,190.0,554.0,114.0
1607.0,142.0,185.0,538.0,103.0
1796.0,149.0,211.0,584.0,125.0
1480.0,142.0,171.0,520.0,105.0
1609.0,158.0,175.0,542.0,103.0
1640.0,144.0,200.0,553.0,112.0
1512.0,152.0,181.0,547.0,106.0
1967.0,161.0,194.0,574.0,120.0
1768.0,149.0,208.0,582.0,121.0
1758.0,149.0,184.0,543.0,120.0
1759.0,156.0,215.0,605.0,127.0
1620.0,140.0,181.0,530.0,104.0
1689.0,156.0,178.0,553.0,109.0
1786.0,154.0,202.0,573.0,119.0
1712.0,144.0,190.0,546.0,112.0
1699.0,151.0,195.0,555.0,124.0
1705.0,149.0,190.0,562.0,106.0
1650.0,140.0,195.0,543.0,124.0
1720.0,145.0,180.0,537.0,110.0
1917.0,160.0,212.0,602.0,134.0
1818.0,160.0,208.0,590.0,123.0
1625.0,144.0,182.0,558.0,116.0
1709.0,150.0,193.0,559.0,108.0
1745.0,151.0,190.0,557.0,123.0
1694.0,146.0,193.0,560.0,104.0
1690.0,155.0,198.0,573.0,121.0
1726.0,151.0,213.0,604.0,120.0
1843.0,158.0,199.0,575.0,117.0
1802.0,153.0,206.0,590.0,129.0
1715.0,147.0,203.0,560.0,115.0
1667.0,154.0,180.0,565.0,112.0
1740.0,162.0,195.0,573.0,111.0
1760.0,155.0,188.0,557.0,111.0
1812.0,148.0,201.0,572.0,126.0
1701.0,152.0,203.0,563.0,125.0
1693.0,151.0,190.0,562.0,116.0
1869.0,164.0,208.0,602.0,123.0
1644.0,148.0,197.0,576.0,110.0
1707.0,147.0,195.0,555.0,116.0
1786.0,146.0,192.0,560.0,118.0
1829.0,160.0,202.0,587.0,127.0
1675.0,148.0,176.0,535.0,114.0
1629.0,150.0,184.0,562.0,114.0
1785.0,144.0,202.0,562.0,123.0
1616.0,146.0,183.0,544.0,115.0
1695.0,156.0,203.0,582.0,126.0
1703.0,146.0,190.0,555.0,109.0
1828.0,161.0,202.0,584.0,121.0
1640.0,150.0,195.0,541.0,111.0
1660.0,145.0,185.0,538.0,106.0
1736.0,142.0,188.0,557.0,117.0
1616.0,143.0,192.0,537.0,106.0
1667.0,145.0,194.0,555.0,111.0
1590.0,150.0,191.0,558.0,117.0
1697.0,137.0,191.0,556.0,113.0
1965.0,154.0,197.0,581.0,129.0
1709.0,151.0,189.0,551.0,111.0
1608.0,154.0,184.0,542.0,121.0
1980.0,155.0,215.0,607.0,147.0
1766.0,140.0,201.0,575.0,119.0
1918.0,174.0,202.0,606.0,122.0
1709.0,148.0,200.0,565.0,108.0
1803.0,155.0,196.0,568.0,117.0
1629.0,146.0,189.0,541.0,116.0
1759.0,156.0,195.0,568.0,131.0
1784.0,152.0,195.0,575.0,128.0
1706.0,157.0,210.0,592.0,129.0
1659.0,153.0,207.0,585.0,110.0
1800.0,142.0,201.0,568.0,122.0
1742.0,146.0,195.0,568.0,124.0
1843.0,158.0,200.0,582.0,124.0
1496.0,144.0,178.0,534.0,104.0
1945.0,165.0,205.0,603.0,124.0
1583.0,140.0,192.0,543.0,114.0
1632.0,159.0,195.0,556.0,109.0
1640.0,145.0,190.0,575.0,118.0
1777.0,156.0,204.0,584.0,126.0
1875.0,150.0,192.0,574.0,121.0
1711.0,141.0,180.0,540.0,116.0
1646.0,162.0,170.0,558.0,113.0
1778.0,165.0,197.0,590.0,125.0
1611.0,131.0,180.0,511.0,115.0
1885.0,160.0,200.0,585.0,141.0
1685.0,163.0,192.0,595.0,133.0
1651.0,144.0,183.0,555.0,116.0
1779.0,157.0,210.0,595.0,126.0
1641.0,165.0,209.0,625.0,118.0
1531.0,157.0,197.0,592.0,127.0
1837.0,163.0,206.0,601.0,121.0
1612.0,145.0,194.0,587.0,129.0
1648.0,153.0,208.0,589.0,120.0
1860.0,148.0,206.0,620.0,135.0
1596.0,151.0,194.0,588.0,107.0
1652.0,156.0,186.0,565.0,113.0
1965.0,156.0,194.0,572.0,131.0
1677.0,156.0,199.0,577.0,123.0
1730.0,153.0,199.0,585.0,120.0
1831.0,152.0,191.0,575.0,124.0
1818.0,152.0,207.0,595.0,127.0
1785.0,158.0,211.0,591.0,122.0
1797.0,158.0,195.0,577.0,130.0
1831.0,159.0,199.0,581.0,132.0
1830.0,153.0,213.0,593.0,125.0
1608.0,143.0,184.0,538.0,112.0
1592.0,149.0,189.0,563.0,110.0
1852.0,157.0,203.0,575.0,120.0
1615.0,149.0,193.0,549.0,107.0
1672.0,142.0,187.0,546.0,110.0
1833.0,153.0,200.0,561.0,125.0
1664.0,146.0,191.0,550.0,109.0
1710.0,147.0,188.0,550.0,100.0
1535.0,154.0,192.0,567.0,107.0
1692.0,161.0,197.0,573.0,124.0
1953.0,157.0,206.0,596.0,134.0
1772.0,148.0,197.0,549.0,124.0
1741.0,145.0,198.0,570.0,118.0
1684.0,141.0,203.0,570.0,119.0
1552.0,154.0,185.0,556.0,106.0
1555.0,145.0,190.0,540.0,105.0
1605.0,159.0,181.0,565.0,105.0
1747.0,156.0,198.0,568.0,122.0
1724.0,153.0,188.0,561.0,113.0
1676.0,151.0,185.0,553.0,116.0
1609.0,149.0,196.0,562.0,101.0
1633.0,148.0,195.0,563.0,125.0
1726.0,158.0,189.0,564.0,115.0
1677.0,141.0,184.0,545.0,112.0
1711.0,158.0,202.0,582.0,119.0
1686.0,150.0,198.0,560.0,119.0
1683.0,145.0,196.0,572.0,112.0
1617.0,137.0,180.0,532.0,109.0
1655.0,144.0,186.0,539.0,103.0
1922.0,157.0,213.0,587.0,132.0
1713.0,159.0,206.0,599.0,124.0
1509.0,147.0,186.0,538.0,115.0
1562.0,150.0,186.0,551.0,106.0
1775.0,147.0,196.0,543.0,119.0
1708.0,173.0,201.0,602.0,130.0
1641.0,148.0,187.0,536.0,112.0
1735.0,157.0,204.0,581.0,124.0
1668.0,148.0,194.0,571.0,103.0
1889.0,155.0,200.0,584.0,126.0
1675.0,148.0,188.0,544.0,96.0
1815.0,167.0,193.0,580.0,126.0
1677.0,147.0,180.0,545.0,103.0
1591.0,135.0,189.0,523.0,114.0
1690.0,159.0,195.0,571.0,114.0
1593.0,148.0,186.0,553.0,117.0
1704.0,146.0,184.0,543.0,111.0
1590.0,147.0,190.0,560.0,107.0
1741.0,145.0,194.0,559.0,112.0
1781.0,163.0,199.0,577.0,122.0
1862.0,175.0,201.0,602.0,140.0
1877.0,152.0,196.0,560.0,112.0
1791.0,145.0,194.0,551.0,117.0
1828.0,152.0,195.0,568.0,123.0
1873.0,155.0,206.0,588.0,125.0
1576.0,140.0,182.0,524.0,107.0
1686.0,147.0,189.0,559.0,116.0
1665.0,155.0,176.0,554.0,110.0
1644.0,152.0,200.0,565.0,130.0
1728.0,148.0,197.0,573.0,115.0
1660.0,149.0,190.0,546.0,111.0
1889.0,153.0,200.0,557.0,127.0
1779.0,153.0,202.0,582.0,124.0
1754.0,154.0,202.0,565.0,122.0
1736.0,160.0,197.0,576.0,122.0
1901.0,156.0,215.0,611.0,141.0
1954.0,176.0,205.0,614.0,134.0
1777.0,163.0,185.0,566.0,129.0
1710.0,148.0,196.0,567.0,123.0
1795.0,146.0,191.0,571.0,116.0
1746.0,158.0,195.0,579.0,130.0
1722.0,154.0,192.0,561.0,117.0
1793.0,149.0,207.0,578.0,123.0
1845.0,143.0,214.0,588.0,139.0
1721.0,156.0,193.0,574.0,121.0
1662.0,145.0,187.0,545.0,115.0
1713.0,141.0,197.0,549.0,116.0
1678.0,158.0,196.0,566.0,117.0
1681.0,150.0,202.0,574.0,121.0
1382.0,143.0,186.0,530.0,108.0
1676.0,158.0,186.0,556.0,116.0
1946.0,151.0,213.0,600.0,133.0
1853.0,153.0,206.0,589.0,133.0
1640.0,146.0,190.0,598.0,112.0
1608.0,153.0,200.0,571.0,115.0
1666.0,145.0,194.0,564.0,121.0
1640.0,145.0,192.0,603.0,114.0
1701.0,151.0,189.0,553.0,118.0
1769.0,150.0,197.0,568.0,121.0
1657.0,146.0,193.0,563.0,116.0
1614.0,148.0,185.0,548.0,104.0
1512.0,145.0,189.0,552.0,105.0
1806.0,160.0,208.0,592.0,122.0
1553.0,149.0,180.0,540.0,105.0
1804.0,149.0,202.0,583.0,132.0
1657.0,135.0,183.0,536.0,111.0
1748.0,147.0,196.0,565.0,112.0
1760.0,147.0,197.0,565.0,111.0
1748.0,156.0,212.0,592.0,136.0
1680.0,151.0,200.0,560.0,116.0
1677.0,146.0,194.0,575.0,121.0
1711.0,158.0,198.0,577.0,129.0
1745.0,146.0,194.0,573.0,114.0
1606.0,143.0,188.0,544.0,112.0
1645.0,143.0,193.0,552.0,107.0
1572.0,146.0,188.0,547.0,125.0
1654.0,152.0,195.0,569.0,107.0
1666.0,153.0,201.0,602.0,111.0
1550.0,145.0,196.0,551.0,103.0
1737.0,147.0,201.0,605.0,118.0
1565.0,144.0,202.0,560.0,104.0
1490.0,134.0,179.0,561.0,103.0
1724.0,159.0,204.0,585.0,133.0
1729.0,147.0,206.0,594.0,117.0
1775.0,156.0,198.0,592.0,126.0
1597.0,145.0,192.0,564.0,115.0
1644.0,145.0,193.0,556.0,117.0
1580.0,146.0,194.0,563.0,102.0
1636.0,149.0,183.0,546.0,118.0
1570.0,159.0,196.0,568.0,106.0
1605.0,138.0,187.0,528.0,105.0
1556.0,141.0,195.0,552.0,106.0
1625.0,139.0,186.0,544.0,106.0
1655.0,153.0,195.0,561.0,113.0
1764.0,159.0,193.0,576.0,126.0
1612.0,146.0,190.0,551.0,117.0
1798.0,157.0,203.0,569.0,118.0
1628.0,148.0,192.0,569.0,108.0
1807.0,163.0,200.0,594.0,144.0
1575.0,144.0,187.0,540.0,101.0
1571.0,147.0,181.0,535.0,101.0
1687.0,142.0,199.0,572.0,111.0
1748.0,146.0,204.0,574.0,113.0
1795.0,153.0,208.0,586.0,121.0
1766.0,149.0,192.0,557.0,121.0
1743.0,163.0,210.0,609.0,123.0
1720.0,154.0,212.0,599.0,132.0
1657.0,146.0,197.0,559.0,119.0
1664.0,149.0,207.0,580.0,115.0
1722.0,146.0,194.0,561.0,116.0
1800.0,156.0,202.0,585.0,123.0
1912.0,160.0,210.0,608.0,134.0
1633.0,147.0,192.0,601.0,109.0
1798.0,152.0,196.0,567.0,111.0
1726.0,142.0,194.0,556.0,117.0
1723.0,155.0,197.0,567.0,120.0
1845.0,161.0,202.0,594.0,134.0
1614.0,151.0,177.0,535.0,114.0
1715.0,146.0,194.0,578.0,120.0
1779.0,156.0,208.0,590.0,131.0
1702.0,148.0,213.0,593.0,112.0
1579.0,141.0,185.0,544.0,116.0
1762.0,158.0,198.0,577.0,110.0
1644.0,143.0,189.0,538.0,110.0
1696.0,151.0,197.0,570.0,114.0
1769.0,162.0,186.0,572.0,126.0
1751.0,157.0,203.0,582.0,111.0
1859.0,156.0,202.0,584.0,123.0
1811.0,156.0,206.0,603.0,123.0
1697.0,143.0,192.0,554.0,109.0
1830.0,157.0,202.0,580.0,112.0
1873.0,158.0,204.0,595.0,119.0
1539.0,138.0,179.0,512.0,96.0
1659.0,152.0,191.0,565.0,119.0
1603.0,142.0,186.0,521.0,102.0
1535.0,146.0,186.0,544.0,104.0
1692.0,146.0,200.0,577.0,114.0
1781.0,145.0,195.0,554.0,117.0
1593.0,140.0,186.0,535.0,98.0
1874.0,152.0,207.0,581.0,117.0
1717.0,147.0,193.0,552.0,124.0
1567.0,154.0,177.0,537.0,108.0
1716.0,147.0,186.0,544.0,118.0
1692.0,146.0,196.0,569.0,113.0
1803.0,164.0,203.0,602.0,126.0
1643.0,154.0,195.0,578.0,113.0
1682.0,141.0,192.0,549.0,113.0
1699.0,144.0,183.0,541.0,108.0
1730.0,144.0,191.0,555.0,114.0
1587.0,137.0,195.0,557.0,118.0
1901.0,162.0,204.0,594.0,119.0
1623.0,141.0,187.0,544.0,101.0
1540.0,140.0,192.0,554.0,109.0
1658.0,160.0,196.0,592.0,123.0
1526.0,154.0,178.0,549.0,99.0
1498.0,144.0,194.0,553.0,108.0
1809.0,151.0,201.0,580.0,132.0
1788.0,156.0,201.0,577.0,118.0
1856.0,150.0,201.0,578.0,121.0
1827.0,158.0,201.0,586.0,109.0
1771.0,146.0,191.0,564.0,118.0
1588.0,154.0,190.0,568.0,117.0
1695.0,151.0,187.0,564.0,127.0
1600.0,139.0,179.0,524.0,109.0
1593.0,142.0,179.0,533.0,111.0
1694.0,147.0,198.0,558.0,113.0
1720.0,157.0,192.0,569.0,103.0
1724.0,143.0,197.0,553.0,115.0
1791.0,156.0,205.0,587.0,124.0
1723.0,143.0,188.0,537.0,107.0
1735.0,161.0,183.0,575.0,121.0
1685.0,148.0,210.0,584.0,115.0
1594.0,135.0,187.0,535.0,110.0
1683.0,144.0,197.0,560.0,129.0
1553.0,145.0,189.0,546.0,109.0
1890.0,155.0,196.0,566.0,116.0
1645.0,139.0,192.0,553.0,111.0
1769.0,161.0,197.0,584.0,133.0
1607.0,154.0,183.0,541.0,107.0
1749.0,158.0,188.0,567.0,129.0
1687.0,149.0,199.0,581.0,120.0
1742.0,156.0,206.0,589.0,120.0
1646.0,154.0,174.0,546.0,109.0
1621.0,141.0,187.0,546.0,109.0
1715.0,157.0,192.0,572.0,119.0
1924.0,153.0,207.0,593.0,123.0
1515.0,145.0,199.0,564.0,106.0
1601.0,144.0,195.0,573.0,105.0
1640.0,146.0,183.0,538.0,112.0
1535.0,141.0,174.0,515.0,108.0
1628.0,146.0,177.0,525.0,108.0
1612.0,138.0,192.0,559.0,108.0
1636.0,143.0,194.0,559.0,118.0
1679.0,141.0,193.0,552.0,103.0
1784.0,141.0,185.0,531.0,104.0
1582.0,138.0,185.0,537.0,109.0
1610.0,149.0,191.0,551.0,117.0
1826.0,154.0,192.0,570.0,112.0
1766.0,155.0,201.0,582.0,113.0
1657.0,142.0,183.0,533.0,113.0
1717.0,141.0,194.0,551.0,107.0
1736.0,153.0,197.0,571.0,124.0
1889.0,172.0,198.0,605.0,111.0
1719.0,163.0,196.0,586.0,119.0
1664.0,154.0,192.0,575.0,110.0
1610.0,142.0,184.0,535.0,118.0
1651.0,141.0,191.0,553.0,111.0
1694.0,146.0,179.0,530.0,114.0
1581.0,147.0,181.0,545.0,101.0
1586.0,142.0,186.0,539.0,102.0
1714.0,158.0,199.0,579.0,124.0
1851.0,157.0,201.0,587.0,127.0
1826.0,153.0,207.0,574.0,118.0
1874.0,166.0,204.0,613.0,133.0
1581.0,139.0,185.0,544.0,110.0
1769.0,148.0,187.0,566.0,118.0
1951.0,170.0,201.0,614.0,121.0
1771.0,148.0,196.0,565.0,118.0
1706.0,150.0,196.0,558.0,119.0
1692.0,152.0,200.0,570.0,122.0
1755.0,152.0,197.0,559.0,118.0
1675.0,145.0,189.0,545.0,110.0
1685.0,157.0,179.0,549.0,118.0
1736.0,164.0,190.0,573.0,124.0
1629.0,143.0,184.0,531.0,105.0
1529.0,140.0,187.0,537.0,108.0
1545.0,146.0,176.0,528.0,103.0
1501.0,140.0,178.0,535.0,107.0
1788.0,153.0,202.0,569.0,127.0
1608.0,141.0,177.0,524.0,118.0
1737.0,154.0,204.0,586.0,119.0
1567.0,137.0,184.0,530.0,108.0
1638.0,150.0,187.0,546.0,111.0
1633.0,143.0,199.0,555.0,124.0
1903.0,165.0,210.0,611.0,137.0
1659.0,145.0,192.0,557.0,118.0
2001.0,154.0,212.0,597.0,141.0
1746.0,146.0,188.0,541.0,115.0
1723.0,153.0,204.0,575.0,110.0
1805.0,155.0,199.0,583.0,124.0
1704.0,149.0,201.0,582.0,113.0
1729.0,151.0,196.0,568.0,109.0
1513.0,141.0,185.0,531.0,106.0
1776.0,137.0,194.0,555.0,113.0
1907.0,153.0,194.0,558.0,127.0
1637.0,141.0,183.0,533.0,106.0
1847.0,161.0,212.0,603.0,123.0
1619.0,153.0,198.0,587.0,107.0
1727.0,164.0,192.0,578.0,119.0
1653.0,151.0,191.0,558.0,113.0
1620.0,146.0,190.0,551.0,113.0
1684.0,151.0,199.0,568.0,129.0
1778.0,154.0,201.0,568.0,103.0
1845.0,148.0,200.0,565.0,129.0
1816.0,154.0,207.0,607.0,121.0
1743.0,160.0,200.0,581.0,112.0
1827.0,153.0,202.0,573.0,127.0
1765.0,147.0,196.0,553.0,115.0
1604.0,160.0,201.0,578.0,120.0
1757.0,154.0,198.0,567.0,126.0
1871.0,164.0,200.0,588.0,139.0
1752.0,159.0,201.0,585.0,119.0
1729.0,149.0,210.0,586.0,112.0
1781.0,163.0,190.0,579.0,126.0
1789.0,161.0,193.0,576.0,127.0
1657.0,146.0,201.0,559.0,112.0
1654.0,144.0,187.0,552.0,113.0
1902.0,155.0,211.0,595.0,121.0
1834.0,151.0,205.0,573.0,119.0
1552.0,138.0,183.0,532.0,111.0
1825.0,157.0,208.0,596.0,127.0
1759.0,162.0,186.0,568.0,110.0
1715.0,156.0,192.0,570.0,118.0
1680.0,155.0,199.0,574.0,125.0
1634.0,154.0,189.0,552.0,104.0
1765.0,157.0,199.0,573.0,123.0
1776.0,156.0,197.0,575.0,115.0
1673.0,167.0,191.0,570.0,114.0
1840.0,148.0,199.0,566.0,127.0
1703.0,146.0,197.0,566.0,105.0
1818.0,160.0,205.0,593.0,113.0
1855.0,159.0,200.0,581.0,120.0
1794.0,157.0,197.0,583.0,126.0
1711.0,162.0,200.0,583.0,121.0
1683.0,147.0,206.0,556.0,111.0
1683.0,147.0,201.0,561.0,118.0
1707.0,153.0,194.0,569.0,110.0
1804.0,152.0,195.0,563.0,120.0
2008.0,155.0,205.0,586.0,139.0
1735.0,157.0,192.0,574.0,122.0
1812.0,159.0,206.0,587.0,118.0
1903.0,155.0,206.0,584.0,127.0
1805.0,153.0,203.0,578.0,125.0
1667.0,154.0,184.0,551.0,112.0
1630.0,160.0,196.0,568.0,115.0
1777.0,168.0,190.0,584.0,112.0
1677.0,151.0,187.0,551.0,109.0
1809.0,152.0,205.0,576.0,122.0
1685.0,142.0,197.0,557.0,112.0
1811.0,156.0,202.0,575.0,104.0
1909.0,145.0,201.0,568.0,106.0
1811.0,164.0,210.0,603.0,110.0
1708.0,152.0,192.0,553.0,113.0
1595.0,145.0,194.0,555.0,112.0
1738.0,153.0,183.0,555.0,120.0
1597.0,146.0,176.0,540.0,105.0
1997.0,157.0,210.0,601.0,136.0
1834.0,159.0,207.0,595.0,117.0
1594.0,152.0,194.0,573.0,106.0
1842.0,155.0,186.0,563.0,116.0
1706.0,149.0,186.0,548.0,110.0
1728.0,147.0,177.0,530.0,104.0
1719.0,144.0,200.0,561.0,125.0
1715.0,145.0,196.0,567.0,117.0
1701.0,145.0,194.0,571.0,120.0
1835.0,155.0,202.0,572.0,120.0
1785.0,150.0,192.0,553.0,105.0
1590.0,148.0,189.0,566.0,107.0
1777.0,157.0,188.0,564.0,108.0
1763.0,161.0,195.0,572.0,115.0
1853.0,156.0,207.0,601.0,131.0
1598.0,152.0,192.0,563.0,106.0
1674.0,146.0,197.0,564.0,115.0
1710.0,151.0,198.0,572.0,108.0
1890.0,153.0,193.0,572.0,117.0
1818.0,162.0,203.0,585.0,114.0
1758.0,156.0,200.0,574.0,113.0
1685.0,140.0,193.0,541.0,102.0
1824.0,158.0,210.0,606.0,131.0
1604.0,139.0,184.0,533.0,106.0
1579.0,152.0,196.0,569.0,116.0
1866.0,153.0,205.0,588.0,114.0
1741.0,123.0,205.0,581.0,126.0
1878.0,153.0,198.0,576.0,115.0
1726.0,165.0,202.0,585.0,116.0
1595.0,156.0,189.0,557.0,99.0
1695.0,145.0,189.0,546.0,111.0
1785.0,153.0,196.0,558.0,125.0
1609.0,152.0,197.0,566.0,117.0
1701.0,148.0,204.0,577.0,121.0
1768.0,146.0,196.0,558.0,116.0
1777.0,156.0,210.0,594.0,114.0
1781.0,151.0,192.0,555.0,111.0
1800.0,157.0,210.0,593.0,118.0
1743.0,160.0,192.0,569.0,111.0
1742.0,163.0,207.0,598.0,127.0
1684.0,145.0,177.0,534.0,102.0
1690.0,154.0,201.0,577.0,117.0
1620.0,144.0,181.0,535.0,110.0
1657.0,146.0,188.0,556.0,110.0
1897.0,163.0,197.0,584.0,126.0
1817.0,146.0,198.0,574.0,115.0
1671.0,153.0,195.0,567.0,109.0
1770.0,142.0,198.0,567.0,123.0
1775.0,148.0,190.0,553.0,126.0
1789.0,162.0,193.0,573.0,117.0
1702.0,153.0,198.0,570.0,110.0
1824.0,150.0,194.0,569.0,114.0
1859.0,156.0,198.0,582.0,115.0
1838.0,162.0,196.0,576.0,107.0
1624.0,157.0,202.0,588.0,111.0
1789.0,152.0,192.0,555.0,125.0
1746.0,160.0,181.0,555.0,117.0
1700.0,154.0,196.0,569.0,111.0
1681.0,146.0,199.0,576.0,106.0
1595.0,146.0,187.0,537.0,116.0
1844.0,152.0,201.0,583.0,116.0
1767.0,162.0,200.0,579.0,106.0
1794.0,155.0,192.0,557.0,117.0
1777.0,160.0,196.0,576.0,111.0
1770.0,147.0,192.0,556.0,123.0
1787.0,160.0,212.0,604.0,125.0
1691.0,157.0,196.0,575.0,120.0
1808.0,148.0,207.0,571.0,111.0
1897.0,164.0,194.0,578.0,132.0
1794.0,153.0,206.0,582.0,113.0
1770.0,153.0,192.0,574.0,115.0
1604.0,151.0,186.0,570.0,108.0
1628.0,149.0,180.0,538.0,106.0
1612.0,141.0,188.0,546.0,110.0
1620.0,146.0,185.0,546.0,118.0
1589.0,152.0,191.0,562.0,110.0
1668.0,152.0,200.0,563.0,116.0
1850.0,157.0,208.0,593.0,123.0
1885.0,160.0,201.0,599.0,129.0
1770.0,150.0,199.0,567.0,119.0
1828.0,162.0,189.0,570.0,124.0
1791.0,155.0,194.0,574.0,115.0
1613.0,158.0,181.0,554.0,110.0
1739.0,152.0,184.0,568.0,117.0
1691.0,142.0,194.0,559.0,108.0
1685.0,143.0,195.0,560.0,106.0
1634.0,144.0,185.0,562.0,106.0
1680.0,152.0,197.0,585.0,122.0
1701.0,150.0,202.0,582.0,115.0
1720.0,145.0,198.0,561.0,110.0
1744.0,163.0,177.0,555.0,105.0
1911.0,151.0,202.0,590.0,127.0
1739.0,148.0,182.0,541.0,117.0
1521.0,137.0,177.0,511.0,115.0
1719.0,157.0,196.0,581.0,113.0
1787.0,160.0,194.0,580.0,113.0
1608.0,142.0,188.0,546.0,98.0
1598.0,149.0,191.0,572.0,114.0
1560.0,158.0,181.0,559.0,109.0
1846.0,159.0,202.0,588.0,125.0
1724.0,158.0,200.0,575.0,119.0
1586.0,137.0,182.0,539.0,106.0
1804.0,154.0,203.0,583.0,120.0
1709.0,146.0,189.0,562.0,109.0
1835.0,163.0,217.0,619.0,122.0
1721.0,152.0,192.0,578.0,125.0
1716.0,152.0,185.0,556.0,110.0
1592.0,150.0,190.0,561.0,113.0
1727.0,162.0,195.0,577.0,105.0
1783.0,158.0,201.0,590.0,117.0
1854.0,148.0,206.0,581.0,114.0
1669.0,146.0,187.0,550.0,110.0
1784.0,152.0,196.0,569.0,119.0
1616.0,144.0,193.0,542.0,118.0
1689.0,145.0,202.0,571.0,116.0
1779.0,145.0,195.0,576.0,106.0
1524.0,154.0,183.0,556.0,122.0
1752.0,154.0,199.0,570.0,127.0
1744.0,159.0,190.0,568.0,120.0
1552.0,143.0,186.0,542.0,119.0
1729.0,157.0,203.0,589.0,122.0
1777.0,158.0,194.0,571.0,97.0
1684.0,161.0,183.0,561.0,102.0
1942.0,167.0,194.0,579.0,125.0
1633.0,154.0,191.0,567.0,113.0
1551.0,145.0,191.0,564.0,111.0
1818.0,156.0,204.0,592.0,110.0
1664.0,148.0,193.0,555.0,104.0
1726.0,167.0,181.0,574.0,109.0
1778.0,149.0,207.0,583.0,119.0
1565.0,148.0,177.0,540.0,104.0
1515.0,139.0,187.0,525.0,118.0
1731.0,152.0,193.0,556.0,111.0
1746.0,144.0,194.0,559.0,126.0
1769.0,155.0,206.0,598.0,116.0
1742.0,168.0,192.0,584.0,118.0
1653.0,136.0,182.0,521.0,107.0
1733.0,158.0,202.0,597.0,122.0
1639.0,157.0,187.0,557.0,107.0
1700.0,150.0,193.0,579.0,121.0
1617.0,149.0,179.0,536.0,106.0
1779.0,156.0,204.0,592.0,114.0
1570.0,136.0,188.0,549.0,113.0
1798.0,148.0,207.0,588.0,116.0
1814.0,151.0,200.0,572.0,112.0
1929.0,158.0,196.0,580.0,122.0
1685.0,149.0,182.0,536.0,114.0
1605.0,146.0,185.0,547.0,114.0
1894.0,161.0,210.0,605.0,124.0
1930.0,152.0,202.0,583.0,132.0
1540.0,146.0,179.0,536.0,106.0
1755.0,155.0,202.0,584.0,112.0
1660.0,146.0,186.0,540.0,99.0
1758.0,142.0,197.0,561.0,105.0
1855.0,161.0,213.0,609.0,124.0
1802.0,151.0,201.0,575.0,126.0
1677.0,144.0,184.0,550.0,115.0
1772.0,154.0,196.0,570.0,118.0
1644.0,146.0,186.0,542.0,118.0
1767.0,153.0,202.0,577.0,118.0
1606.0,151.0,198.0,564.0,115.0
1751.0,156.0,211.0,588.0,121.0
1714.0,158.0,206.0,592.0,124.0
1684.0,142.0,184.0,543.0,105.0
1766.0,159.0,188.0,562.0,113.0
1867.0,145.0,206.0,572.0,126.0
1658.0,155.0,198.0,580.0,109.0
1724.0,148.0,188.0,567.0,121.0
1890.0,168.0,205.0,609.0,115.0
1676.0,155.0,199.0,581.0,115.0
1536.0,149.0,184.0,554.0,115.0
1875.0,148.0,204.0,576.0,125.0
1612.0,154.0,191.0,568.0,111.0
1629.0,154.0,187.0,562.0,111.0
1730.0,151.0,199.0,566.0,117.0
1635.0,142.0,191.0,541.0,106.0
1633.0,145.0,183.0,536.0,112.0
1764.0,162.0,199.0,584.0,112.0
1634.0,149.0,191.0,554.0,113.0
1767.0,150.0,196.0,566.0,110.0
1690.0,150.0,188.0,555.0,101.0
1716.0,146.0,194.0,553.0,116.0
1550.0,158.0,189.0,556.0,117.0
1759.0,157.0,191.0,567.0,113.0
1507.0,151.0,184.0,558.0,99.0
1630.0,151.0,191.0,575.0,116.0
1836.0,159.0,209.0,605.0,122.0
1570.0,147.0,190.0,557.0,119.0
1534.0,148.0,193.0,565.0,114.0
1718.0,143.0,187.0,553.0,115.0
1750.0,154.0,187.0,564.0,118.0
1564.0,153.0,190.0,551.0,109.0
1701.0,139.0,199.0,600.0,116.0
1598.0,144.0,187.0,548.0,112.0
1774.0,148.0,196.0,564.0,109.0
1656.0,146.0,181.0,541.0,103.0
1648.0,149.0,184.0,556.0,109.0
1673.0,144.0,191.0,550.0,112.0
1714.0,151.0,189.0,550.0,109.0
1669.0,151.0,194.0,571.0,116.0
1740.0,145.0,189.0,551.0,113.0
1859.0,152.0,204.0,582.0,133.0
1689.0,141.0,196.0,556.0,111.0
1728.0,161.0,198.0,582.0,129.0
1774.0,147.0,191.0,564.0,117.0
1675.0,142.0,184.0,542.0,111.0
1883.0,149.0,202.0,567.0,123.0
1635.0,147.0,192.0,557.0,107.0
1637.0,157.0,187.0,556.0,124.0
1553.0,145.0,189.0,540.0,103.0
1685.0,150.0,197.0,564.0,112.0
1689.0,157.0,211.0,605.0,116.0
1752.0,149.0,196.0,578.0,119.0
1863.0,153.0,210.0,583.0,117.0
1583.0,149.0,189.0,541.0,109.0
1617.0,150.0,194.0,560.0,108.0
1556.0,146.0,185.0,554.0,101.0
1624.0,146.0,184.0,546.0,109.0
1659.0,144.0,186.0,549.0,114.0
1642.0,147.0,193.0,564.0,106.0
1711.0,147.0,188.0,550.0,113.0
1660.0,142.0,192.0,545.0,116.0
1788.0,151.0,197.0,562.0,109.0
1578.0,146.0,181.0,549.0,114.0
1624.0,149.0,196.0,568.0,106.0
1800.0,159.0,199.0,580.0,123.0
1590.0,143.0,182.0,533.0,122.0
1774.0,149.0,204.0,566.0,108.0
1625.0,145.0,184.0,543.0,103.0
1685.0,143.0,182.0,520.0,104.0
1611.0,149.0,184.0,542.0,107.0
1619.0,142.0,192.0,562.0,118.0
1741.0,159.0,194.0,571.0,110.0
1807.0,152.0,211.0,587.0,132.0
1729.0,144.0,191.0,558.0,120.0
1574.0,150.0,183.0,553.0,103.0
1610.0,143.0,188.0,547.0,117.0
1557.0,151.0,192.0,555.0,109.0
1630.0,141.0,186.0,537.0,113.0
1770.0,147.0,197.0,568.0,116.0
1734.0,141.0,178.0,532.0,109.0
1578.0,143.0,201.0,557.0,105.0
1692.0,146.0,192.0,556.0,116.0
1831.0,159.0,203.0,576.0,134.0
1604.0,154.0,190.0,569.0,110.0
1695.0,146.0,191.0,550.0,110.0
1914.0,155.0,211.0,603.0,119.0
1756.0,142.0,202.0,570.0,123.0
1612.0,151.0,189.0,565.0,107.0
1586.0,143.0,187.0,536.0,105.0
1665.0,152.0,182.0,540.0,108.0
1852.0,162.0,196.0,573.0,124.0
1726.0,149.0,201.0,561.0,127.0
1585.0,140.0,183.0,525.0,110.0
1880.0,159.0,209.0,608.0,116.0
1726.0,155.0,197.0,573.0,117.0
1822.0,151.0,195.0,566.0,119.0
1615.0,147.0,182.0,537.0,111.0
1671.0,157.0,202.0,581.0,117.0
1686.0,151.0,201.0,579.0,116.0
1737.0,154.0,204.0,573.0,113.0
1643.0,147.0,191.0,550.0,117.0
1508.0,151.0,181.0,537.0,123.0
1779.0,161.0,197.0,577.0,113.0
1744.0,150.0,203.0,563.0,126.0
1691.0,140.0,182.0,541.0,117.0
1826.0,153.0,210.0,588.0,121.0
1753.0,148.0,199.0,571.0,118.0
1569.0,141.0,185.0,534.0,102.0
1677.0,151.0,195.0,572.0,117.0
1734.0,152.0,195.0,559.0,123.0
1686.0,140.0,180.0,524.0,105.0
1564.0,141.0,187.0,533.0,119.0
1629.0,147.0,194.0,573.0,118.0
1945.0,155.0,206.0,583.0,126.0
1248.0,147.0,183.0,539.0,118.0
1539.0,142.0,178.0,523.0,105.0
1763.0,136.0,184.0,531.0,114.0
1709.0,144.0,191.0,552.0,117.0
1604.0,146.0,194.0,554.0,107.0
1620.0,153.0,192.0,553.0,131.0
1644.0,149.0,196.0,571.0,121.0
1719.0,151.0,191.0,560.0,121.0
1501.0,146.0,187.0,540.0,104.0
1873.0,157.0,205.0,595.0,123.0
1872.0,162.0,210.0,602.0,128.0
1692.0,149.0,185.0,549.0,113.0
1635.0,143.0,181.0,530.0,103.0
1626.0,144.0,195.0,558.0,111.0
1675.0,154.0,194.0,564.0,113.0
1650.0,142.0,187.0,545.0,101.0
1780.0,160.0,195.0,569.0,122.0
1662.0,156.0,186.0,573.0,112.0
1725.0,152.0,192.0,567.0,112.0
1609.0,139.0,187.0,538.0,114.0
1586.0,144.0,192.0,545.0,115.0
1774.0,151.0,191.0,561.0,117.0
1550.0,144.0,185.0,538.0,94.0
1654.0,154.0,191.0,555.0,128.0
1716.0,162.0,197.0,577.0,129.0
1769.0,146.0,200.0,567.0,131.0
1713.0,149.0,185.0,551.0,109.0
1704.0,142.0,186.0,548.0,119.0
1742.0,136.0,187.0,543.0,127.0
1813.0,153.0,218.0,610.0,140.0
1797.0,156.0,201.0,578.0,141.0
1665.0,154.0,194.0,572.0,112.0
1784.0,163.0,214.0,612.0,137.0
1706.0,167.0,194.0,579.0,119.0
1669.0,148.0,199.0,575.0,120.0
1638.0,145.0,196.0,561.0,117.0
1608.0,155.0,187.0,557.0,128.0
1710.0,156.0,183.0,545.0,123.0
1819.0,164.0,188.0,570.0,122.0
1569.0,144.0,191.0,544.0,111.0
1688.0,158.0,196.0,584.0,116.0
1853.0,158.0,213.0,605.0,139.0
1891.0,167.0,212.0,607.0,134.0
1631.0,139.0,194.0,552.0,112.0
1738.0,146.0,189.0,554.0,114.0
1710.0,149.0,186.0,551.0,117.0
1910.0,160.0,196.0,575.0,127.0
1728.0,154.0,190.0,561.0,121.0
1786.0,143.0,195.0,548.0,128.0
1606.0,152.0,177.0,532.0,109.0
1784.0,157.0,186.0,562.0,117.0
1628.0,146.0,180.0,538.0,112.0
1683.0,153.0,178.0,540.0,118.0
1567.0,144.0,187.0,541.0,116.0
1621.0,144.0,194.0,553.0,120.0
1846.0,158.0,213.0,595.0,123.0
1633.0,154.0,191.0,559.0,115.0
1796.0,157.0,208.0,592.0,132.0
1700.0,139.0,187.0,538.0,119.0
1830.0,141.0,201.0,553.0,123.0
1621.0,144.0,184.0,539.0,107.0
1690.0,161.0,208.0,598.0,131.0
1678.0,143.0,196.0,552.0,118.0
1706.0,152.0,202.0,577.0,118.0
1643.0,144.0,196.0,565.0,122.0
1657.0,147.0,203.0,574.0,114.0
1622.0,139.0,189.0,542.0,115.0
1713.0,156.0,196.0,575.0,133.0
1653.0,142.0,189.0,542.0,110.0
1771.0,153.0,195.0,567.0,114.0
1686.0,146.0,194.0,560.0,113.0
1627.0,149.0,194.0,568.0,103.0
1623.0,144.0,184.0,534.0,119.0
1499.0,136.0,181.0,523.0,98.0
1666.0,145.0,184.0,532.0,117.0
1618.0,156.0,182.0,558.0,117.0
1819.0,153.0,206.0,584.0,126.0
1604.0,152.0,187.0,552.0,111.0
1625.0,146.0,192.0,560.0,117.0
1809.0,157.0,213.0,593.0,125.0
1564.0,149.0,182.0,546.0,107.0
1859.0,158.0,207.0,600.0,131.0
1764.0,155.0,195.0,570.0,111.0
1635.0,153.0,193.0,571.0,120.0
1904.0,161.0,201.0,586.0,137.0
1775.0,145.0,198.0,564.0,109.0
1758.0,142.0,194.0,541.0,107.0
1827.0,142.0,187.0,543.0,123.0
1551.0,143.0,185.0,539.0,111.0
1914.0,156.0,216.0,609.0,139.0
1654.0,145.0,189.0,544.0,127.0
1747.0,166.0,190.0,572.0,117.0
1726.0,147.0,202.0,567.0,115.0
1755.0,156.0,203.0,585.0,121.0
1731.0,135.0,192.0,543.0,107.0
1676.0,149.0,187.0,548.0,110.0
1807.0,150.0,194.0,559.0,115.0
1569.0,144.0,182.0,533.0,108.0
1661.0,141.0,186.0,542.0,111.0
1876.0,143.0,195.0,555.0,123.0
1676.0,142.0,196.0,552.0,124.0
1633.0,146.0,201.0,565.0,115.0
1732.0,139.0,186.0,538.0,114.0
1624.0,142.0,177.0,533.0,115.0
1675.0,145.0,186.0,546.0,109.0
1695.0,154.0,196.0,578.0,118.0
1709.0,148.0,187.0,542.0,105.0
1764.0,167.0,197.0,587.0,118.0
1683.0,158.0,194.0,585.0,122.0
1763.0,164.0,197.0,588.0,122.0
1556.0,146.0,186.0,549.0,76.0
1790.0,155.0,197.0,571.0,117.0
1712.0,150.0,202.0,576.0,124.0
1675.0,148.0,199.0,574.0,115.0
1735.0,157.0,201.0,588.0,114.0
1730.0,152.0,204.0,590.0,124.0
1801.0,155.0,214.0,601.0,135.0
1709.0,148.0,193.0,561.0,111.0
1677.0,161.0,200.0,583.0,128.0
1537.0,147.0,191.0,547.0,118.0
1695.0,142.0,196.0,554.0,120.0
1619.0,147.0,182.0,546.0,108.0
1774.0,164.0,198.0,588.0,119.0
1728.0,140.0,186.0,537.0,107.0
1631.0,143.0,181.0,545.0,111.0
1698.0,142.0,197.0,564.0,120.0
1738.0,150.0,206.0,577.0,121.0
1488.0,148.0,174.0,542.0,113.0
1755.0,146.0,182.0,540.0,115.0
1577.0,146.0,194.0,560.0,107.0
1720.0,162.0,192.0,575.0,124.0
1660.0,148.0,188.0,567.0,109.0
1781.0,141.0,207.0,585.0,122.0
1540.0,148.0,190.0,555.0,114.0
1685.0,145.0,193.0,569.0,121.0
1773.0,147.0,178.0,538.0,112.0
1696.0,139.0,182.0,530.0,116.0
1759.0,155.0,198.0,577.0,122.0
1544.0,139.0,176.0,520.0,104.0
1603.0,146.0,191.0,563.0,113.0
1757.0,149.0,190.0,549.0,110.0
1688.0,147.0,194.0,582.0,125.0
1633.0,133.0,184.0,530.0,110.0
1684.0,143.0,192.0,564.0,106.0
1602.0,145.0,189.0,547.0,114.0
1620.0,150.0,195.0,579.0,115.0
1755.0,157.0,194.0,584.0,118.0
1688.0,143.0,187.0,549.0,117.0
1813.0,156.0,212.0,606.0,126.0
1611.0,145.0,178.0,528.0,102.0
1616.0,141.0,198.0,557.0,111.0
1847.0,153.0,201.0,585.0,125.0
1653.0,143.0,187.0,551.0,116.0
1656.0,148.0,187.0,586.0,104.0
1732.0,143.0,197.0,565.0,111.0
1835.0,152.0,191.0,555.0,128.0
1659.0,143.0,187.0,547.0,109.0
1794.0,138.0,223.0,612.0,129.0
1705.0,144.0,191.0,554.0,109.0
1876.0,143.0,198.0,564.0,130.0
1677.0,147.0,188.0,555.0,118.0
1760.0,143.0,186.0,554.0,120.0
1671.0,140.0,177.0,537.0,110.0
1781.0,144.0,210.0,584.0,120.0
1637.0,142.0,195.0,565.0,116.0
1599.0,143.0,184.0,534.0,118.0
1738.0,139.0,189.0,552.0,115.0
1674.0,157.0,195.0,572.0,111.0
1642.0,146.0,192.0,553.0,109.0
1876.0,155.0,214.0,611.0,139.0
1680.0,142.0,183.0,546.0,114.0
1844.0,148.0,210.0,579.0,137.0
1545.0,151.0,182.0,549.0,110.0
1523.0,135.0,177.0,519.0,110.0
1773.0,158.0,197.0,591.0,118.0
1573.0,143.0,190.0,550.0,105.0
1829.0,148.0,203.0,585.0,120.0
1722.0,161.0,207.0,591.0,123.0
1680.0,143.0,192.0,553.0,120.0
1695.0,154.0,185.0,551.0,100.0
1829.0,163.0,212.0,614.0,138.0
1668.0,143.0,185.0,555.0,122.0
1780.0,151.0,200.0,572.0,133.0
1772.0,148.0,183.0,544.0,119.0
1654.0,148.0,195.0,555.0,119.0
1699.0,153.0,210.0,587.0,128.0
1562.0,146.0,192.0,552.0,113.0
1687.0,137.0,185.0,530.0,119.0
1642.0,152.0,194.0,570.0,116.0
1774.0,144.0,195.0,557.0,121.0
1785.0,157.0,195.0,573.0,109.0
1535.0,144.0,177.0,524.0,108.0
1719.0,154.0,191.0,565.0,115.0
1667.0,142.0,175.0,527.0,114.0
1640.0,134.0,188.0,533.0,106.0
1765.0,158.0,194.0,577.0,134.0
1601.0,147.0,184.0,540.0,108.0
1586.0,146.0,184.0,542.0,110.0
1656.0,136.0,188.0,554.0,116.0
1736.0,142.0,187.0,543.0,126.0
1681.0,141.0,182.0,523.0,104.0
1758.0,152.0,187.0,558.0,109.0
1517.0,141.0,178.0,527.0,115.0
1756.0,160.0,187.0,567.0,133.0
1753.0,156.0,191.0,573.0,115.0
1611.0,142.0,186.0,535.0,117.0
1696.0,144.0,189.0,552.0,123.0
1704.0,147.0,191.0,558.0,115.0
1620.0,145.0,197.0,565.0,115.0
1558.0,142.0,188.0,551.0,121.0
1615.0,139.0,198.0,558.0,114.0
1763.0,145.0,184.0,538.0,120.0
1611.0,151.0,169.0,522.0,115.0
1637.0,144.0,191.0,556.0,122.0
1577.0,152.0,195.0,568.0,113.0
1604.0,155.0,187.0,568.0,121.0
1614.0,147.0,191.0,558.0,113.0
1675.0,140.0,186.0,536.0,112.0
1708.0,144.0,193.0,568.0,129.0
1768.0,152.0,190.0,553.0,114.0
1649.0,156.0,188.0,559.0,119.0
1715.0,163.0,208.0,595.0,135.0
1593.0,137.0,174.0,528.0,101.0
1571.0,147.0,179.0,527.0,112.0
1795.0,158.0,202.0,575.0,114.0
1683.0,144.0,185.0,542.0,119.0
1768.0,152.0,196.0,568.0,115.0
1628.0,144.0,196.0,558.0,122.0
1632.0,146.0,199.0,562.0,118.0
1591.0,147.0,181.0,534.0,118.0
1697.0,144.0,182.0,541.0,107.0
1589.0,146.0,180.0,536.0,100.0
1715.0,155.0,203.0,583.0,121.0
1766.0,163.0,193.0,572.0,121.0
1596.0,141.0,184.0,535.0,115.0
1698.0,145.0,198.0,571.0,116.0
1558.0,148.0,176.0,525.0,105.0
1613.0,144.0,186.0,544.0,116.0
1608.0,143.0,189.0,547.0,112.0
1614.0,153.0,195.0,550.0,120.0
1701.0,153.0,184.0,558.0,121.0
1756.0,154.0,203.0,588.0,117.0
1779.0,153.0,201.0,571.0,123.0
1688.0,147.0,190.0,554.0,103.0
1759.0,148.0,203.0,578.0,119.0
1555.0,144.0,188.0,552.0,116.0
1642.0,151.0,188.0,547.0,106.0
1781.0,151.0,210.0,585.0,120.0
1673.0,145.0,188.0,554.0,124.0
1575.0,144.0,193.0,556.0,121.0
1627.0,144.0,185.0,532.0,110.0
1697.0,143.0,191.0,558.0,109.0
1689.0,149.0,191.0,548.0,121.0
1666.0,147.0,188.0,552.0,111.0
1697.0,143.0,196.0,557.0,123.0
1783.0,159.0,207.0,595.0,142.0
1511.0,159.0,199.0,582.0,120.0
1725.0,146.0,192.0,556.0,123.0
1584.0,139.0,191.0,546.0,118.0
1810.0,145.0,193.0,561.0,115.0
1692.0,146.0,190.0,550.0,128.0
1781.0,150.0,198.0,563.0,113.0
1609.0,144.0,188.0,564.0,123.0
1594.0,145.0,189.0,555.0,112.0
1637.0,146.0,189.0,544.0,105.0
1667.0,151.0,191.0,556.0,109.0
1688.0,141.0,182.0,538.0,103.0
1642.0,149.0,184.0,548.0,113.0
1629.0,147.0,180.0,528.0,107.0
1666.0,149.0,196.0,571.0,116.0
1616.0,144.0,189.0,552.0,100.0
1691.0,149.0,200.0,573.0,117.0
1795.0,157.0,198.0,580.0,106.0
1766.0,152.0,192.0,574.0,114.0
1851.0,153.0,205.0,589.0,125.0
1646.0,147.0,199.0,562.0,115.0
1645.0,149.0,184.0,558.0,110.0
1596.0,140.0,184.0,537.0,105.0
1528.0,146.0,184.0,537.0,97.0
1559.0,154.0,185.0,562.0,116.0
1550.0,158.0,184.0,550.0,111.0
1791.0,157.0,208.0,590.0,118.0
1667.0,148.0,200.0,570.0,129.0
1640.0,151.0,188.0,552.0,115.0
1603.0,141.0,191.0,535.0,114.0
1744.0,157.0,207.0,591.0,134.0
1664.0,147.0,192.0,555.0,125.0
1752.0,147.0,186.0,549.0,106.0
1767.0,166.0,196.0,589.0,126.0
1652.0,148.0,204.0,584.0,123.0
1800.0,143.0,195.0,561.0,112.0
1667.0,151.0,177.0,533.0,119.0
1648.0,140.0,195.0,546.0,106.0
1710.0,140.0,193.0,552.0,121.0
1729.0,144.0,194.0,565.0,111.0
1641.0,146.0,186.0,549.0,114.0
1638.0,149.0,188.0,553.0,113.0
1763.0,148.0,190.0,553.0,106.0
1599.0,147.0,185.0,551.0,109.0
1662.0,145.0,196.0,554.0,115.0
1792.0,148.0,197.0,562.0,114.0
1832.0,152.0,200.0,576.0,124.0
1661.0,153.0,191.0,566.0,115.0
1657.0,146.0,190.0,557.0,108.0
1642.0,149.0,202.0,570.0,109.0
1603.0,147.0,181.0,535.0,113.0
1619.0,147.0,191.0,550.0,115.0
1797.0,152.0,197.0,581.0,107.0
1651.0,146.0,191.0,552.0,117.0
1784.0,141.0,208.0,572.0,138.0
1637.0,152.0,186.0,578.0,103.0
1646.0,143.0,199.0,563.0,110.0
1948.0,156.0,212.0,613.0,126.0
1704.0,148.0,203.0,583.0,113.0
1630.0,146.0,189.0,557.0,110.0
1853.0,157.0,203.0,588.0,124.0
1845.0,156.0,193.0,572.0,122.0
1815.0,162.0,203.0,586.0,126.0
1684.0,156.0,192.0,563.0,122.0
1649.0,143.0,191.0,563.0,115.0
1937.0,166.0,228.0,634.0,141.0
1608.0,137.0,187.0,553.0,110.0
1714.0,162.0,207.0,594.0,126.0
1553.0,143.0,193.0,558.0,118.0
1811.0,153.0,200.0,582.0,114.0
1814.0,156.0,203.0,588.0,116.0
1780.0,144.0,197.0,579.0,114.0
1583.0,153.0,193.0,583.0,112.0
1638.0,148.0,197.0,581.0,113.0
1835.0,163.0,213.0,618.0,128.0
1563.0,148.0,191.0,572.0,105.0
1813.0,159.0,202.0,573.0,125.0
1773.0,155.0,194.0,565.0,117.0
1631.0,146.0,193.0,562.0,106.0
1753.0,158.0,199.0,573.0,120.0
1805.0,138.0,194.0,553.0,120.0
1745.0,145.0,189.0,561.0,107.0
1639.0,143.0,186.0,547.0,112.0
1565.0,145.0,187.0,556.0,106.0
1741.0,154.0,188.0,567.0,120.0
1914.0,147.0,222.0,620.0,137.0
1563.0,145.0,192.0,578.0,120.0
1579.0,144.0,187.0,535.0,109.0
1793.0,150.0,203.0,569.0,113.0
1598.0,143.0,185.0,549.0,106.0
1611.0,149.0,191.0,552.0,114.0
1836.0,149.0,201.0,578.0,114.0
1601.0,160.0,171.0,552.0,120.0
1833.0,150.0,198.0,564.0,121.0
1780.0,154.0,208.0,596.0,126.0
1878.0,152.0,193.0,559.0,122.0
1602.0,145.0,181.0,542.0,110.0
1699.0,156.0,196.0,576.0,121.0
1696.0,156.0,197.0,576.0,105.0
1598.0,151.0,188.0,554.0,109.0
1784.0,148.0,216.0,594.0,126.0
1814.0,147.0,204.0,589.0,120.0
1666.0,142.0,192.0,557.0,117.0
1856.0,155.0,197.0,572.0,117.0
1724.0,159.0,208.0,588.0,115.0
1736.0,143.0,184.0,540.0,112.0
1757.0,148.0,195.0,556.0,109.0
1756.0,165.0,203.0,589.0,123.0
1689.0,146.0,191.0,565.0,123.0
1751.0,152.0,213.0,600.0,120.0
1823.0,150.0,197.0,572.0,124.0
1543.0,137.0,175.0,511.0,96.0
1656.0,144.0,186.0,557.0,113.0
1679.0,143.0,192.0,556.0,124.0
1630.0,150.0,198.0,583.0,120.0
1832.0,163.0,203.0,590.0,121.0
1778.0,144.0,193.0,561.0,111.0
1518.0,135.0,188.0,536.0,108.0
1754.0,147.0,202.0,583.0,122.0
1746.0,156.0,197.0,570.0,124.0
1744.0,163.0,203.0,593.0,120.0
1834.0,153.0,206.0,579.0,127.0
1574.0,148.0,191.0,569.0,117.0
1611.0,155.0,199.0,592.0,123.0
1664.0,144.0,201.0,560.0,115.0
1739.0,147.0,184.0,556.0,103.0
1671.0,145.0,176.0,539.0,110.0
1797.0,151.0,194.0,567.0,113.0
1668.0,152.0,187.0,555.0,121.0
1639.0,143.0,184.0,538.0,107.0
1626.0,145.0,184.0,547.0,107.0
1617.0,145.0,177.0,536.0,102.0
1679.0,155.0,197.0,574.0,114.0
1608.0,133.0,181.0,534.0,112.0
1817.0,149.0,196.0,554.0,126.0
2001.0,156.0,212.0,599.0,125.0
1605.0,150.0,188.0,556.0,114.0
1856.0,160.0,191.0,574.0,116.0
1968.0,147.0,204.0,590.0,123.0
1657.0,144.0,184.0,545.0,109.0
1734.0,157.0,201.0,572.0,112.0
1577.0,142.0,183.0,535.0,120.0
1758.0,153.0,199.0,595.0,124.0
1780.0,153.0,191.0,561.0,122.0
1857.0,151.0,194.0,557.0,108.0
1549.0,149.0,175.0,524.0,107.0
1598.0,139.0,189.0,535.0,105.0
1652.0,153.0,185.0,552.0,113.0
1630.0,147.0,181.0,559.0,112.0
1817.0,139.0,194.0,554.0,121.0
1866.0,151.0,213.0,590.0,123.0
1683.0,142.0,214.0,590.0,117.0
1651.0,143.0,187.0,562.0,115.0
1801.0,163.0,194.0,581.0,125.0
1668.0,154.0,194.0,578.0,116.0
1580.0,144.0,189.0,547.0,109.0
1738.0,146.0,196.0,562.0,113.0
1806.0,147.0,199.0,567.0,128.0
1772.0,141.0,189.0,546.0,119.0
1774.0,158.0,200.0,578.0,127.0
1647.0,144.0,177.0,523.0,120.0
1609.0,147.0,189.0,567.0,119.0
1809.0,145.0,190.0,542.0,112.0
1732.0,152.0,197.0,583.0,112.0
1663.0,148.0,175.0,535.0,118.0
1625.0,150.0,180.0,546.0,107.0
1663.0,144.0,182.0,556.0,126.0
1665.0,142.0,188.0,575.0,113.0
1598.0,143.0,187.0,544.0,108.0
1708.0,149.0,174.0,531.0,113.0
1600.0,148.0,189.0,557.0,116.0
1574.0,152.0,170.0,525.0,114.0
1729.0,148.0,195.0,579.0,122.0
1604.0,143.0,181.0,536.0,116.0
1662.0,145.0,194.0,558.0,111.0
1426.0,156.0,176.0,532.0,106.0
1684.0,154.0,186.0,567.0,108.0
1599.0,142.0,186.0,541.0,112.0
1603.0,147.0,188.0,550.0,115.0
1643.0,148.0,178.0,550.0,110.0
1758.0,146.0,197.0,587.0,116.0
1747.0,147.0,188.0,548.0,120.0
1725.0,151.0,196.0,564.0,118.0
1571.0,148.0,184.0,540.0,117.0
1794.0,153.0,213.0,611.0,127.0
1687.0,151.0,191.0,579.0,110.0
1856.0,171.0,191.0,586.0,117.0
1590.0,146.0,174.0,547.0,108.0
1816.0,152.0,202.0,591.0,122.0
1631.0,148.0,194.0,574.0,115.0
1674.0,142.0,187.0,547.0,110.0
1594.0,150.0,187.0,568.0,115.0
1631.0,144.0,183.0,538.0,109.0
1731.0,153.0,194.0,563.0,121.0
1637.0,154.0,180.0,551.0,115.0
1892.0,158.0,209.0,589.0,116.0
1556.0,148.0,201.0,592.0,111.0
1715.0,134.0,182.0,537.0,109.0
1580.0,150.0,177.0,542.0,108.0
1633.0,161.0,194.0,595.0,110.0
1736.0,145.0,198.0,569.0,119.0
1650.0,156.0,196.0,573.0,125.0
1601.0,157.0,180.0,569.0,108.0
1964.0,153.0,208.0,597.0,129.0
1683.0,146.0,203.0,594.0,116.0
1657.0,147.0,191.0,550.0,107.0
1743.0,148.0,186.0,558.0,115.0
1574.0,149.0,187.0,566.0,115.0
1737.0,153.0,194.0,578.0,120.0
1939.0,150.0,214.0,611.0,128.0
1650.0,148.0,186.0,554.0,112.0
1757.0,154.0,204.0,583.0,116.0
1619.0,145.0,184.0,536.0,105.0
1638.0,145.0,191.0,567.0,124.0
1792.0,162.0,200.0,584.0,126.0
1838.0,157.0,204.0,577.0,126.0
1537.0,149.0,169.0,540.0,101.0
1870.0,165.0,213.0,621.0,127.0
1536.0,146.0,174.0,522.0,109.0
1584.0,149.0,182.0,533.0,110.0
1705.0,142.0,178.0,542.0,120.0
1874.0,152.0,187.0,562.0,125.0
1719.0,158.0,190.0,553.0,122.0
1635.0,142.0,196.0,564.0,109.0
1575.0,154.0,195.0,595.0,113.0
1677.0,148.0,190.0,557.0,114.0
1705.0,144.0,174.0,531.0,106.0
1697.0,143.0,189.0,550.0,106.0
1785.0,150.0,210.0,585.0,129.0
1711.0,159.0,197.0,569.0,123.0
1761.0,152.0,189.0,557.0,106.0
1584.0,151.0,186.0,566.0,107.0
1729.0,148.0,192.0,581.0,124.0
1686.0,148.0,188.0,554.0,102.0
1613.0,146.0,192.0,548.0,111.0
1716.0,162.0,184.0,565.0,114.0
1766.0,161.0,208.0,598.0,118.0
1716.0,159.0,184.0,559.0,115.0
1595.0,151.0,188.0,564.0,110.0
1567.0,145.0,184.0,529.0,106.0
1630.0,154.0,197.0,567.0,122.0
1713.0,139.0,185.0,537.0,119.0
1530.0,136.0,186.0,544.0,105.0
1659.0,153.0,199.0,582.0,121.0
1524.0,144.0,183.0,533.0,100.0
1702.0,148.0,183.0,554.0,115.0
1681.0,146.0,189.0,549.0,110.0
1851.0,152.0,197.0,574.0,121.0
1553.0,151.0,178.0,540.0,109.0
1639.0,149.0,188.0,552.0,118.0
1488.0,154.0,174.0,539.0,103.0
1513.0,154.0,167.0,518.0,108.0
1910.0,150.0,194.0,572.0,122.0
1703.0,152.0,184.0,568.0,106.0
1751.0,156.0,196.0,567.0,111.0
1743.0,204.0,208.0,612.0,129.0
1581.0,161.0,180.0,533.0,106.0
1899.0,145.0,198.0,571.0,117.0
1641.0,165.0,192.0,571.0,121.0
1711.0,142.0,184.0,544.0,105.0
1605.0,157.0,186.0,561.0,105.0
1586.0,147.0,184.0,539.0,107.0
1829.0,159.0,203.0,587.0,125.0
1577.0,152.0,184.0,559.0,108.0
1650.0,150.0,179.0,539.0,104.0
1732.0,151.0,191.0,558.0,113.0
1720.0,148.0,202.0,571.0,117.0
1772.0,153.0,201.0,578.0,129.0
1815.0,153.0,204.0,586.0,133.0
1612.0,146.0,198.0,549.0,108.0
1679.0,152.0,166.0,523.0,112.0
1578.0,150.0,200.0,578.0,117.0
1688.0,148.0,199.0,577.0,103.0
1676.0,152.0,203.0,588.0,117.0
1538.0,162.0,176.0,555.0,115.0
1863.0,162.0,205.0,602.0,132.0
1763.0,155.0,210.0,581.0,128.0
1701.0,154.0,200.0,594.0,119.0
1759.0,152.0,200.0,577.0,122.0
1635.0,146.0,198.0,576.0,112.0
1660.0,146.0,191.0,560.0,120.0
1868.0,158.0,206.0,591.0,122.0
1918.0,153.0,196.0,574.0,127.0
1631.0,153.0,200.0,581.0,116.0
1569.0,152.0,187.0,552.0,113.0
1804.0,162.0,199.0,589.0,114.0
1709.0,160.0,195.0,580.0,119.0
1775.0,156.0,209.0,588.0,109.0
1610.0,144.0,192.0,558.0,112.0
1909.0,149.0,194.0,555.0,116.0
1596.0,153.0,175.0,549.0,106.0
1760.0,153.0,203.0,591.0,111.0
1558.0,141.0,187.0,541.0,107.0
1835.0,152.0,201.0,577.0,120.0
1753.0,143.0,187.0,545.0,111.0
1665.0,150.0,191.0,552.0,112.0
1762.0,162.0,202.0,582.0,131.0
1823.0,148.0,203.0,573.0,119.0
1687.0,147.0,198.0,570.0,116.0
1769.0,142.0,188.0,548.0,107.0
1722.0,155.0,175.0,546.0,117.0
1537.0,142.0,194.0,545.0,99.0
1827.0,158.0,205.0,586.0,124.0
1598.0,150.0,178.0,533.0,115.0
1557.0,143.0,187.0,538.0,106.0
1581.0,144.0,176.0,523.0,104.0
1491.0,137.0,193.0,533.0,111.0
1801.0,148.0,199.0,558.0,127.0
1640.0,147.0,188.0,552.0,108.0
1735.0,154.0,199.0,601.0,112.0
1612.0,144.0,187.0,550.0,115.0
1713.0,162.0,204.0,590.0,122.0
1731.0,148.0,197.0,566.0,110.0
1668.0,150.0,194.0,568.0,109.0
1822.0,167.0,203.0,607.0,122.0
1638.0,150.0,196.0,558.0,113.0
1575.0,147.0,185.0,544.0,110.0
1602.0,144.0,177.0,529.0,111.0
1870.0,146.0,201.0,572.0,122.0
1734.0,137.0,194.0,552.0,114.0
1793.0,150.0,187.0,544.0,112.0
1671.0,155.0,202.0,582.0,112.0
1765.0,161.0,194.0,576.0,122.0
1769.0,149.0,204.0,577.0,128.0
1751.0,156.0,194.0,564.0,113.0
1683.0,151.0,193.0,568.0,116.0
1775.0,146.0,219.0,592.0,133.0
1744.0,163.0,203.0,598.0,127.0
1749.0,157.0,180.0,553.0,120.0
1614.0,145.0,194.0,550.0,108.0
1671.0,174.0,205.0,614.0,117.0
1632.0,146.0,186.0,542.0,107.0
1700.0,151.0,195.0,571.0,121.0
1824.0,155.0,199.0,587.0,117.0
1640.0,148.0,196.0,561.0,118.0
1608.0,142.0,188.0,538.0,108.0
1648.0,146.0,182.0,537.0,106.0
1553.0,149.0,199.0,555.0,104.0
1704.0,154.0,196.0,571.0,116.0
1584.0,143.0,182.0,526.0,104.0
1679.0,168.0,181.0,558.0,115.0
1618.0,156.0,171.0,531.0,109.0
1525.0,144.0,184.0,530.0,103.0
1610.0,136.0,185.0,528.0,102.0
1653.0,142.0,199.0,555.0,100.0
1638.0,136.0,188.0,532.0,111.0
1817.0,150.0,192.0,555.0,113.0
1791.0,146.0,192.0,559.0,107.0
1699.0,153.0,210.0,596.0,152.0
1803.0,160.0,197.0,583.0,129.0
1575.0,156.0,199.0,584.0,126.0
1715.0,156.0,198.0,583.0,127.0
1679.0,143.0,190.0,546.0,113.0
1545.0,142.0,190.0,549.0,107.0
1524.0,155.0,173.0,537.0,111.0
1648.0,147.0,195.0,561.0,107.0
1562.0,141.0,189.0,535.0,110.0
1857.0,153.0,207.0,589.0,114.0
1554.0,142.0,186.0,541.0,109.0
1683.0,149.0,206.0,569.0,120.0
1547.0,146.0,194.0,555.0,108.0
1636.0,146.0,189.0,550.0,119.0
1593.0,147.0,190.0,543.0,106.0
1694.0,146.0,183.0,538.0,107.0
1491.0,151.0,175.0,544.0,99.0
1668.0,154.0,186.0,553.0,118.0
1676.0,145.0,191.0,545.0,104.0
1598.0,142.0,186.0,537.0,102.0
1747.0,142.0,201.0,566.0,114.0
1695.0,152.0,197.0,614.0,119.0
1825.0,151.0,198.0,575.0,130.0
1720.0,142.0,189.0,546.0,111.0
1659.0,152.0,190.0,572.0,120.0
1759.0,151.0,194.0,573.0,119.0
1653.0,142.0,181.0,532.0,117.0
1537.0,138.0,184.0,522.0,107.0
1762.0,152.0,207.0,585.0,131.0
1659.0,152.0,186.0,555.0,103.0
1622.0,143.0,187.0,540.0,121.0
1964.0,154.0,196.0,569.0,112.0
1746.0,137.0,186.0,539.0,98.0
1770.0,149.0,198.0,573.0,107.0
1597.0,145.0,187.0,538.0,103.0
1586.0,152.0,186.0,540.0,109.0
1728.0,157.0,204.0,579.0,124.0
1583.0,147.0,198.0,567.0,98.0
1695.0,137.0,194.0,531.0,113.0
1632.0,146.0,186.0,541.0,114.0
1625.0,159.0,190.0,564.0,104.0
1595.0,157.0,190.0,564.0,120.0
1787.0,164.0,200.0,593.0,118.0
1822.0,163.0,206.0,593.0,120.0
1692.0,146.0,190.0,549.0,112.0
1657.0,142.0,182.0,534.0,114.0
1831.0,153.0,181.0,555.0,111.0
1849.0,154.0,213.0,613.0,123.0
1594.0,145.0,191.0,546.0,102.0
1650.0,154.0,209.0,582.0,117.0
1701.0,148.0,181.0,543.0,114.0
1905.0,149.0,201.0,572.0,120.0
1681.0,149.0,196.0,559.0,108.0
1768.0,153.0,207.0,582.0,131.0
1826.0,155.0,200.0,587.0,128.0
1680.0,149.0,186.0,560.0,112.0
1776.0,157.0,205.0,602.0,117.0
1971.0,154.0,208.0,601.0,123.0
1608.0,142.0,192.0,557.0,108.0
1512.0,145.0,178.0,530.0,105.0
1531.0,141.0,177.0,517.0,107.0
1674.0,166.0,188.0,573.0,114.0
1708.0,168.0,199.0,594.0,119.0
1716.0,159.0,189.0,590.0,120.0
1839.0,153.0,207.0,582.0,128.0
1647.0,140.0,200.0,572.0,113.0
1683.0,142.0,187.0,539.0,118.0
1608.0,153.0,201.0,564.0,118.0
1802.0,156.0,193.0,569.0,116.0
1606.0,146.0,187.0,569.0,114.0
1829.0,156.0,216.0,608.0,132.0
1662.0,150.0,199.0,580.0,113.0
1754.0,154.0,197.0,559.0,116.0
1878.0,162.0,198.0,582.0,132.0
1722.0,138.0,194.0,546.0,117.0
1974.0,151.0,213.0,591.0,122.0
1568.0,142.0,176.0,530.0,114.0
1841.0,163.0,199.0,584.0,119.0
1855.0,154.0,196.0,590.0,122.0
1651.0,150.0,204.0,607.0,123.0
1654.0,159.0,186.0,558.0,110.0
1851.0,168.0,192.0,582.0,126.0
1711.0,158.0,198.0,603.0,115.0
1868.0,155.0,211.0,608.0,128.0
1738.0,152.0,201.0,573.0,121.0
1577.0,145.0,184.0,535.0,109.0
1647.0,133.0,186.0,530.0,110.0
1557.0,148.0,182.0,536.0,108.0
1811.0,159.0,193.0,572.0,127.0
1727.0,155.0,213.0,607.0,130.0
1508.0,135.0,191.0,555.0,103.0
1878.0,150.0,202.0,576.0,122.0
1619.0,147.0,201.0,589.0,114.0
1586.0,154.0,174.0,548.0,108.0
1667.0,166.0,200.0,586.0,112.0
1572.0,148.0,182.0,543.0,107.0
1509.0,145.0,178.0,526.0,101.0
1612.0,152.0,194.0,564.0,115.0
1638.0,157.0,198.0,575.0,120.0
1545.0,146.0,174.0,527.0,104.0
1700.0,155.0,196.0,573.0,117.0
1590.0,162.0,182.0,568.0,111.0
1647.0,143.0,182.0,538.0,106.0
1586.0,146.0,183.0,545.0,115.0
1858.0,158.0,201.0,581.0,134.0
1708.0,157.0,203.0,584.0,126.0
1658.0,135.0,184.0,538.0,106.0
1636.0,135.0,190.0,560.0,117.0
1636.0,145.0,187.0,544.0,123.0
1723.0,171.0,192.0,577.0,124.0
1668.0,163.0,198.0,592.0,117.0
1679.0,158.0,205.0,588.0,121.0
1627.0,143.0,181.0,549.0,113.0
1645.0,151.0,203.0,569.0,117.0
1809.0,147.0,203.0,567.0,115.0
1582.0,143.0,190.0,536.0,112.0
1728.0,153.0,188.0,567.0,113.0
1704.0,151.0,182.0,551.0,110.0
1595.0,147.0,186.0,555.0,102.0
1640.0,145.0,172.0,525.0,105.0
1611.0,153.0,189.0,569.0,118.0
1660.0,163.0,183.0,556.0,115.0
1587.0,160.0,181.0,549.0,119.0
1585.0,155.0,182.0,549.0,116.0
1779.0,146.0,193.0,549.0,117.0
1648.0,146.0,199.0,564.0,113.0
1705.0,150.0,193.0,557.0,118.0
1560.0,141.0,183.0,541.0,105.0
1697.0,149.0,185.0,546.0,120.0
1557.0,153.0,189.0,563.0,113.0
1738.0,157.0,193.0,568.0,121.0
1723.0,154.0,192.0,570.0,116.0
1693.0,148.0,194.0,552.0,112.0
1530.0,143.0,187.0,542.0,114.0
1733.0,168.0,182.0,558.0,123.0
1690.0,157.0,195.0,608.0,131.0
1741.0,153.0,197.0,553.0,118.0
1728.0,155.0,199.0,584.0,114.0
1643.0,153.0,186.0,537.0,114.0
1709.0,154.0,194.0,561.0,118.0
1996.0,151.0,208.0,588.0,132.0
1630.0,144.0,198.0,561.0,120.0
1564.0,150.0,172.0,532.0,114.0
1535.0,146.0,182.0,554.0,103.0
1644.0,150.0,187.0,553.0,113.0
1629.0,152.0,184.0,542.0,120.0
1643.0,138.0,178.0,524.0,111.0
1594.0,142.0,187.0,541.0,111.0
1854.0,156.0,208.0,594.0,133.0
1801.0,159.0,199.0,582.0,139.0
1586.0,147.0,179.0,532.0,110.0
1502.0,152.0,182.0,554.0,98.0
1575.0,154.0,178.0,554.0,104.0
1603.0,144.0,186.0,541.0,112.0
1645.0,147.0,186.0,570.0,111.0
1711.0,147.0,179.0,528.0,119.0
1739.0,153.0,200.0,571.0,120.0
1589.0,155.0,191.0,580.0,111.0
1601.0,151.0,181.0,549.0,101.0
1509.0,144.0,185.0,537.0,117.0
1580.0,139.0,179.0,519.0,110.0
1649.0,146.0,185.0,559.0,112.0
1553.0,152.0,174.0,529.0,103.0
1768.0,137.0,187.0,534.0,111.0
1575.0,143.0,175.0,522.0,104.0
1631.0,146.0,193.0,569.0,112.0
1721.0,148.0,206.0,572.0,121.0
1699.0,163.0,189.0,566.0,119.0
1579.0,152.0,187.0,556.0,110.0
1824.0,151.0,200.0,563.0,118.0
1694.0,159.0,199.0,583.0,113.0
1595.0,148.0,170.0,525.0,113.0
1752.0,163.0,191.0,594.0,130.0
1549.0,152.0,182.0,545.0,112.0
1535.0,157.0,168.0,522.0,108.0
1645.0,158.0,189.0,555.0,117.0
1507.0,153.0,173.0,528.0,102.0
1794.0,143.0,194.0,554.0,120.0
1689.0,162.0,193.0,568.0,126.0
1712.0,158.0,184.0,546.0,124.0
1661.0,163.0,197.0,590.0,111.0
1641.0,156.0,195.0,565.0,116.0
1590.0,152.0,193.0,552.0,107.0
1703.0,164.0,182.0,558.0,122.0
1659.0,143.0,181.0,524.0,102.0
1560.0,148.0,183.0,536.0,113.0
1555.0,146.0,180.0,541.0,112.0
1746.0,153.0,198.0,585.0,131.0
1492.0,162.0,188.0,558.0,115.0
1655.0,163.0,189.0,572.0,131.0
1671.0,143.0,187.0,548.0,108.0
1593.0,152.0,188.0,557.0,109.0
1594.0,150.0,189.0,556.0,114.0
1666.0,154.0,192.0,556.0,122.0
1512.0,152.0,181.0,543.0,100.0
1458.0,153.0,195.0,562.0,116.0
1560.0,157.0,179.0,544.0,103.0
1584.0,147.0,173.0,523.0,114.0
1686.0,155.0,190.0,562.0,115.0
1445.0,147.0,185.0,540.0,105.0
1698.0,140.0,192.0,538.0,111.0
1607.0,143.0,186.0,531.0,112.0
1505.0,152.0,193.0,554.0,113.0
1726.0,174.0,192.0,586.0,114.0
1646.0,153.0,186.0,547.0,113.0
1634.0,142.0,182.0,540.0,112.0
1758.0,156.0,197.0,569.0,127.0
1693.0,156.0,184.0,552.0,134.0
1719.0,157.0,203.0,581.0,122.0
1679.0,168.0,192.0,587.0,127.0
1770.0,143.0,189.0,537.0,104.0
1595.0,154.0,181.0,550.0,110.0
1667.0,166.0,193.0,579.0,121.0
1634.0,153.0,186.0,541.0,116.0
1512.0,143.0,182.0,514.0,101.0
1542.0,149.0,185.0,548.0,112.0
1624.0,156.0,181.0,551.0,107.0
1519.0,158.0,189.0,563.0,120.0
1474.0,149.0,167.0,522.0,103.0
1748.0,168.0,184.0,569.0,105.0
1504.0,148.0,188.0,546.0,108.0
1629.0,154.0,202.0,568.0,129.0
1601.0,156.0,182.0,563.0,120.0
1574.0,142.0,194.0,557.0,106.0
1530.0,158.0,174.0,542.0,117.0
1678.0,145.0,175.0,517.0,112.0
1655.0,148.0,189.0,561.0,119.0
1563.0,145.0,184.0,531.0,118.0
1611.0,151.0,178.0,534.0,110.0
1579.0,161.0,199.0,578.0,126.0
1718.0,160.0,186.0,552.0,115.0
1605.0,147.0,171.0,531.0,110.0
1813.0,159.0,204.0,590.0,131.0
1604.0,139.0,187.0,528.0,109.0
1604.0,144.0,194.0,555.0,103.0
1627.0,159.0,197.0,576.0,111.0
1703.0,145.0,195.0,584.0,104.0
1649.0,154.0,183.0,543.0,111.0
1794.0,171.0,198.0,586.0,123.0
1523.0,147.0,170.0,520.0,100.0
1666.0,153.0,188.0,549.0,115.0
1614.0,153.0,187.0,553.0,110.0
1620.0,145.0,191.0,554.0,109.0
1868.0,148.0,210.0,596.0,125.0
1583.0,153.0,173.0,531.0,108.0
1591.0,152.0,185.0,550.0,116.0
1695.0,145.0,187.0,541.0,115.0
1553.0,143.0,183.0,534.0,102.0
1485.0,135.0,168.0,500.0,95.0
1704.0,146.0,184.0,549.0,100.0
1818.0,163.0,214.0,606.0,134.0
1688.0,150.0,186.0,554.0,119.0
1750.0,158.0,199.0,572.0,118.0
1639.0,167.0,201.0,602.0,125.0
1634.0,142.0,183.0,536.0,108.0
1548.0,145.0,188.0,523.0,108.0
1624.0,142.0,185.0,530.0,107.0
1654.0,152.0,190.0,585.0,111.0
1715.0,152.0,191.0,564.0,123.0
1808.0,161.0,206.0,591.0,117.0
1680.0,147.0,192.0,560.0,95.0
1657.0,151.0,191.0,547.0,117.0
1554.0,145.0,191.0,553.0,112.0
1628.0,153.0,192.0,593.0,110.0
1800.0,146.0,208.0,595.0,121.0
1777.0,155.0,203.0,583.0,124.0
1643.0,151.0,182.0,544.0,118.0
1569.0,141.0,186.0,530.0,107.0
1612.0,146.0,191.0,552.0,95.0
1644.0,148.0,195.0,545.0,112.0
1695.0,150.0,201.0,582.0,115.0
1747.0,153.0,198.0,555.0,121.0
1524.0,141.0,190.0,547.0,106.0
1552.0,151.0,185.0,585.0,106.0
1579.0,145.0,184.0,539.0,111.0
1564.0,152.0,180.0,544.0,96.0
1691.0,155.0,188.0,567.0,121.0
1560.0,148.0,195.0,555.0,106.0
1678.0,150.0,200.0,571.0,114.0
1524.0,148.0,185.0,525.0,98.0
1684.0,163.0,197.0,602.0,128.0
1819.0,148.0,205.0,577.0,116.0
1697.0,147.0,199.0,566.0,131.0
1777.0,146.0,206.0,569.0,121.0
1774.0,153.0,200.0,597.0,127.0
1697.0,151.0,201.0,580.0,120.0
1640.0,135.0,185.0,529.0,100.0
1598.0,147.0,176.0,536.0,106.0
1786.0,152.0,198.0,566.0,115.0
1575.0,147.0,183.0,546.0,102.0
1644.0,150.0,187.0,557.0,111.0
1750.0,163.0,196.0,582.0,132.0
1554.0,145.0,190.0,548.0,103.0
1593.0,144.0,188.0,545.0,120.0
1734.0,148.0,204.0,578.0,126.0
1635.0,139.0,184.0,536.0,99.0
1574.0,139.0,184.0,532.0,99.0
1662.0,152.0,194.0,565.0,106.0
1580.0,132.0,183.0,521.0,94.0
1778.0,163.0,213.0,607.0,126.0
1719.0,170.0,203.0,599.0,128.0
1773.0,146.0,199.0,562.0,131.0
1723.0,159.0,197.0,578.0,130.0
1525.0,140.0,182.0,521.0,103.0
1623.0,157.0,201.0,583.0,119.0
1625.0,148.0,195.0,550.0,101.0
1626.0,157.0,190.0,558.0,120.0
1742.0,154.0,205.0,580.0,125.0
1594.0,154.0,188.0,557.0,112.0
1813.0,164.0,212.0,622.0,130.0
1650.0,148.0,196.0,557.0,107.0
1687.0,152.0,182.0,556.0,109.0
1901.0,167.0,201.0,591.0,109.0
1821.0,163.0,194.0,593.0,119.0
1654.0,145.0,193.0,543.0,103.0
1771.0,151.0,196.0,562.0,127.0
1651.0,140.0,180.0,525.0,103.0
1615.0,147.0,198.0,547.0,106.0
1733.0,151.0,193.0,562.0,126.0
1517.0,148.0,186.0,539.0,105.0
1862.0,161.0,212.0,603.0,150.0
1713.0,141.0,189.0,548.0,114.0
1702.0,157.0,197.0,569.0,113.0
1664.0,148.0,198.0,562.0,112.0
1899.0,167.0,216.0,624.0,133.0
1519.0,146.0,184.0,534.0,114.0
1849.0,145.0,216.0,596.0,121.0
1712.0,156.0,203.0,584.0,120.0
1576.0,143.0,192.0,542.0,100.0
1635.0,164.0,191.0,581.0,118.0
1759.0,153.0,201.0,568.0,122.0
1750.0,142.0,207.0,565.0,142.0
1751.0,145.0,199.0,562.0,127.0
1623.0,151.0,188.0,554.0,106.0
1691.0,146.0,188.0,545.0,107.0
1753.0,149.0,194.0,556.0,136.0
1682.0,153.0,200.0,567.0,130.0
1726.0,152.0,202.0,566.0,130.0
1663.0,140.0,188.0,537.0,118.0
1859.0,161.0,200.0,589.0,116.0
1867.0,157.0,204.0,587.0,123.0
1819.0,154.0,198.0,586.0,122.0
1931.0,172.0,214.0,630.0,124.0
1645.0,153.0,184.0,555.0,106.0
1567.0,152.0,190.0,553.0,103.0
1600.0,144.0,185.0,536.0,110.0
1654.0,149.0,183.0,542.0,104.0
1798.0,156.0,208.0,590.0,120.0
1866.0,158.0,207.0,606.0,131.0
1865.0,147.0,200.0,575.0,120.0
1695.0,159.0,208.0,596.0,121.0
1508.0,133.0,176.0,494.0,101.0
1695.0,147.0,198.0,564.0,121.0
1886.0,163.0,202.0,589.0,126.0
1508.0,138.0,184.0,530.0,93.0
1747.0,156.0,197.0,571.0,140.0
1585.0,151.0,184.0,545.0,110.0
1703.0,140.0,188.0,543.0,119.0
1678.0,149.0,197.0,557.0,113.0
1803.0,152.0,197.0,564.0,125.0
1612.0,148.0,193.0,549.0,116.0
1702.0,137.0,192.0,548.0,118.0
1616.0,138.0,184.0,536.0,105.0
1875.0,154.0,198.0,578.0,124.0
1728.0,150.0,193.0,566.0,111.0
1620.0,148.0,195.0,560.0,108.0
1708.0,153.0,189.0,564.0,125.0
1706.0,152.0,200.0,581.0,127.0
1774.0,149.0,196.0,564.0,121.0
1940.0,156.0,205.0,581.0,122.0
1758.0,149.0,192.0,560.0,122.0
1816.0,152.0,201.0,578.0,128.0
1782.0,152.0,194.0,559.0,121.0
1692.0,150.0,201.0,571.0,114.0
1689.0,149.0,198.0,569.0,122.0
1861.0,158.0,193.0,564.0,132.0
1756.0,154.0,203.0,585.0,128.0
1755.0,154.0,200.0,574.0,129.0
1744.0,145.0,194.0,550.0,105.0
1622.0,141.0,184.0,524.0,112.0
1913.0,149.0,205.0,588.0,121.0
2068.0,151.0,220.0,622.0,127.0
1723.0,159.0,198.0,576.0,110.0
1735.0,145.0,191.0,548.0,111.0
1755.0,151.0,201.0,568.0,126.0
1750.0,149.0,201.0,572.0,109.0
1783.0,156.0,201.0,578.0,136.0
1523.0,148.0,182.0,534.0,109.0
1785.0,153.0,208.0,589.0,131.0
1608.0,149.0,193.0,556.0,116.0
1654.0,148.0,180.0,524.0,104.0
1816.0,144.0,198.0,583.0,119.0
1733.0,161.0,192.0,581.0,122.0
1567.0,148.0,186.0,542.0,98.0
1753.0,152.0,196.0,561.0,136.0
1752.0,157.0,198.0,584.0,126.0
1810.0,157.0,209.0,593.0,118.0
1717.0,151.0,207.0,578.0,125.0
1882.0,151.0,201.0,581.0,132.0
1606.0,154.0,202.0,567.0,108.0
1648.0,158.0,197.0,564.0,114.0
1769.0,162.0,202.0,599.0,116.0
1711.0,148.0,191.0,551.0,116.0
1751.0,153.0,189.0,558.0,112.0
1843.0,155.0,211.0,614.0,123.0
1572.0,152.0,193.0,553.0,107.0
1633.0,146.0,198.0,556.0,112.0
1892.0,143.0,193.0,549.0,125.0
1578.0,142.0,185.0,535.0,102.0
1838.0,151.0,207.0,592.0,133.0
1543.0,142.0,174.0,532.0,113.0
1573.0,152.0,192.0,564.0,108.0
1778.0,156.0,199.0,581.0,128.0
1610.0,136.0,192.0,540.0,114.0
1793.0,153.0,209.0,580.0,113.0
1629.0,156.0,193.0,573.0,124.0
1573.0,144.0,183.0,531.0,102.0
1641.0,152.0,186.0,542.0,107.0
1771.0,143.0,187.0,533.0,117.0
1677.0,154.0,196.0,567.0,118.0
1638.0,138.0,193.0,544.0,115.0
1955.0,162.0,218.0,629.0,138.0
1778.0,150.0,205.0,579.0,124.0
1984.0,150.0,199.0,574.0,129.0
1610.0,145.0,195.0,556.0,124.0
1651.0,149.0,195.0,567.0,111.0
1615.0,148.0,193.0,542.0,110.0
1756.0,149.0,198.0,560.0,122.0
1776.0,162.0,208.0,605.0,124.0
1710.0,154.0,205.0,580.0,125.0
1625.0,148.0,203.0,569.0,122.0
1682.0,134.0,183.0,527.0,101.0
1927.0,151.0,207.0,590.0,127.0
1751.0,149.0,206.0,585.0,118.0
1754.0,151.0,199.0,564.0,123.0
1516.0,148.0,193.0,566.0,115.0
1648.0,153.0,193.0,560.0,107.0
1568.0,144.0,189.0,540.0,110.0
1720.0,148.0,198.0,566.0,114.0
1755.0,154.0,198.0,575.0,122.0
1585.0,147.0,192.0,552.0,116.0
1790.0,153.0,205.0,595.0,129.0
1736.0,144.0,197.0,545.0,129.0
1663.0,156.0,198.0,569.0,120.0
1579.0,144.0,183.0,524.0,108.0
1735.0,144.0,199.0,568.0,114.0
1803.0,148.0,191.0,552.0,117.0
1634.0,147.0,187.0,546.0,117.0
1594.0,145.0,197.0,548.0,116.0
1624.0,161.0,207.0,594.0,127.0
1733.0,145.0,193.0,548.0,111.0
1702.0,156.0,213.0,595.0,127.0
1772.0,145.0,208.0,578.0,128.0
1802.0,146.0,199.0,562.0,113.0
1633.0,153.0,187.0,555.0,107.0
1498.0,145.0,186.0,541.0,102.0
1599.0,150.0,197.0,574.0,105.0
1707.0,158.0,200.0,580.0,124.0
1609.0,141.0,195.0,544.0,110.0
2005.0,157.0,220.0,607.0,138.0
1563.0,137.0,181.0,527.0,112.0
1914.0,152.0,204.0,588.0,121.0
1606.0,150.0,188.0,544.0,101.0
1689.0,146.0,188.0,545.0,124.0
1872.0,156.0,204.0,577.0,118.0
1710.0,147.0,191.0,553.0,106.0
1685.0,145.0,197.0,554.0,115.0
1516.0,144.0,193.0,556.0,106.0
1706.0,148.0,201.0,570.0,126.0
1596.0,153.0,190.0,563.0,101.0
1619.0,150.0,196.0,573.0,117.0
1850.0,149.0,143.0,554.0,118.0
1688.0,148.0,206.0,566.0,113.0
1816.0,155.0,208.0,594.0,133.0
1689.0,152.0,189.0,549.0,126.0
1647.0,142.0,178.0,520.0,118.0
1601.0,147.0,189.0,540.0,110.0
1674.0,153.0,182.0,543.0,115.0
1792.0,162.0,203.0,583.0,118.0
1769.0,150.0,184.0,542.0,113.0
1790.0,150.0,206.0,571.0,123.0
1645.0,153.0,183.0,551.0,112.0
1692.0,145.0,185.0,535.0,102.0
1653.0,148.0,182.0,530.0,104.0
1573.0,141.0,182.0,530.0,105.0
1705.0,146.0,202.0,584.0,121.0
1739.0,144.0,185.0,549.0,111.0
1729.0,160.0,196.0,590.0,116.0
