Stature,Head height,Head breadth,Head depth,Head circumference,Body mass,Face length,Face width,Face length long,Lower face length,Intercanthal width,Nasal root breadth,Nose length,Nose bridge length,Nasal tip protrusion,Nose width,Width of mouth,Height of chin,Face length short,Sellion promentale length
1040.0,203.0,139.0,180.0,514.0,17.0,104.98,108.0,93.04,60.41,31.78,20.54,32.63,22.48,13.303,32.8,38.37,32.18,60.86,76.29
937.0,205.0,130.0,186.0,533.0,15.1,95.32,113.0,82.98,52.58,32.94,21.41,30.4,21.18,11.456,28.4,40.99,25.44,57.54,69.26
880.0,177.0,122.0,170.0,495.0,13.2,101.34,100.0,83.76,53.52,27.99,18.55,30.24,20.45,11.313,24.13,34.19,22.84,60.92,73.8
678.0,150.0,118.0,147.0,430.0,7.03,85.63,97.0,71.98,46.88,26.35,18.45,25.1,16.01,10.548,23.94,28.68,19.88,52.1,62.3
768.0,167.0,125.0,160.0,455.0,10.3,95.19,105.0,80.17,53.79,28.25,19.2,26.38,17.42,11.182,24.65,37.77,19.39,60.78,70.62
808.0,172.0,125.0,147.0,450.0,9.62,98.01,100.0,76.01,47.97,27.01,14.46,28.04,20.04,10.346,26.32,33.66,20.89,55.12,67.05
810.0,148.0,132.0,164.0,482.0,10.75,89.62,107.0,79.56,50.28,30.57,15.44,29.28,20.17,10.778,25.12,33.68,22.54,57.02,65.97
964.0,178.0,141.0,168.0,473.0,13.9,96.81,109.0,87.04,54.5,24.13,17.16,32.54,24.45,10.607,29.21,32.81,21.96,65.08,79.87
980.0,137.0,134.0,132.0,500.0,14.8,103.05,109.0,86.84,56.53,28.7,18.8,30.31,18.67,13.347,30.0,39.18,23.25,63.59,76.68
760.0,170.0,122.0,147.0,436.0,9.7,91.52,103.0,75.66,50.8,25.96,17.76,24.86,15.03,11.506,25.34,28.06,18.59,57.07,67.94
905.0,161.0,136.0,173.0,483.0,12.5,98.53,105.0,80.52,53.97,27.86,14.76,26.55,18.12,10.411,24.51,29.7,22.82,57.7,70.71
1165.0,187.0,146.0,183.0,528.0,22.2,100.49,114.0,89.49,56.33,30.71,20.32,33.16,21.63,15.315,30.25,41.38,26.12,63.37,72.33
840.0,177.0,125.0,160.0,470.0,11.0,94.38,105.0,79.13,49.71,27.92,15.84,29.42,20.5,10.667,26.65,36.06,18.29,60.84,71.1
865.0,177.0,135.0,160.0,470.0,12.8,99.47,113.0,82.94,53.79,28.15,20.08,29.15,17.89,12.454,28.57,34.04,23.39,59.55,74.28
790.0,170.0,154.0,160.0,498.0,12.1,98.97,116.0,88.3,59.46,27.49,16.8,28.84,18.56,11.132,26.34,34.3,18.38,69.92,80.91
735.0,155.0,130.0,154.0,456.0,9.06,84.76,104.0,71.47,44.0,27.65,19.21,27.47,19.97,9.574,25.83,36.35,15.8,55.67,65.93
835.0,172.0,135.0,168.0,485.0,11.6,96.85,106.0,81.08,51.94,33.09,22.08,29.14,17.6,12.836,24.7,32.03,20.23,60.85,68.13
1126.0,187.0,132.0,173.0,520.0,18.0,108.02,103.0,92.35,59.34,27.51,17.43,33.01,21.24,13.573,26.68,38.79,27.58,64.77,80.29
765.0,172.0,133.0,149.0,460.0,8.95,89.53,105.0,74.97,49.5,27.56,18.6,25.47,15.94,11.386,27.42,34.59,20.45,54.52,66.16
1050.0,186.0,142.0,174.0,513.0,18.0,108.0,104.0,93.56,57.82,32.65,17.71,35.74,24.12,13.782,31.57,40.37,28.92,64.64,82.21
1065.0,191.0,142.0,170.0,500.0,17.25,106.88,107.0,89.49,56.24,27.15,17.39,33.25,22.86,12.084,29.22,36.78,25.61,63.88,77.26
1020.0,198.0,127.0,175.0,496.0,14.4,96.74,98.0,86.47,56.95,25.68,16.97,29.52,20.25,11.438,28.02,39.71,26.35,60.12,78.44
980.0,173.0,135.0,168.0,496.0,15.15,112.25,102.0,96.58,62.79,29.73,18.92,33.79,21.51,13.761,29.43,33.08,25.37,71.21,87.34
840.0,163.0,135.0,172.0,496.0,11.4,101.31,113.0,85.88,53.08,32.3,22.15,32.8,22.57,12.877,29.45,37.62,22.39,63.49,75.97
800.0,165.0,129.0,161.0,478.0,9.55,97.11,99.0,80.09,53.19,28.53,18.95,26.9,17.18,10.477,24.82,31.32,16.68,63.41,72.53
805.0,162.0,131.0,157.0,480.0,10.7,90.02,107.0,78.22,50.22,25.72,18.62,28.0,18.36,11.054,26.93,30.14,19.51,58.71,70.62
770.0,172.0,118.0,175.0,468.0,9.1,90.59,92.0,75.04,45.82,28.12,17.43,29.22,18.16,13.094,24.62,33.15,20.0,55.04,65.08
1020.0,188.0,132.0,170.0,506.0,16.85,93.99,104.0,84.63,50.95,32.55,21.94,33.68,22.36,13.47,28.49,38.69,20.96,63.67,71.68
1070.0,198.0,143.0,197.0,545.0,19.1,105.59,108.0,88.06,56.75,29.91,20.07,31.31,23.35,10.404,34.66,41.32,25.18,62.88,73.16
790.0,172.0,118.0,168.0,450.0,8.7,89.19,92.0,75.93,49.94,24.08,16.38,25.99,17.99,10.448,26.28,34.39,17.79,58.14,67.23
923.0,181.0,142.0,163.0,496.0,13.85,96.33,101.0,84.27,52.29,27.74,18.51,31.98,20.93,12.785,28.27,36.12,22.84,61.43,71.56
1080.0,198.0,148.0,172.0,504.0,16.6,104.39,116.0,89.18,56.42,31.49,20.34,32.76,21.98,13.436,25.66,39.11,23.85,65.33,75.11
1128.0,188.0,148.0,166.0,505.0,21.65,109.51,118.0,95.81,59.62,32.71,21.9,36.19,24.14,15.185,30.98,44.65,22.53,73.28,80.64
1000.0,177.0,142.0,180.0,524.0,15.1,102.92,111.0,86.72,53.5,31.18,19.82,33.22,23.43,11.298,27.47,33.24,22.95,63.77,73.33
800.0,162.0,137.0,149.0,474.0,9.6,94.43,103.0,78.05,50.03,30.5,18.64,28.02,19.0,10.523,28.55,38.73,17.92,60.13,68.51
1021.0,209.0,142.0,168.0,499.0,16.35,102.68,103.0,85.99,53.29,32.7,20.39,32.7,22.26,13.257,28.75,35.81,24.56,61.43,74.84
983.0,179.0,144.0,169.0,500.0,13.65,102.0,110.0,86.22,53.8,30.37,19.11,32.42,22.7,11.828,26.65,36.04,24.55,61.67,76.27
945.0,172.0,142.0,156.0,472.0,15.4,92.71,113.0,79.02,50.69,29.81,18.22,28.33,19.01,10.999,27.65,36.13,20.71,58.31,67.38
870.0,177.0,132.0,178.0,503.0,11.2,99.22,103.0,85.3,54.97,30.38,19.04,30.33,20.61,11.081,27.36,37.78,20.93,64.37,76.32
840.0,171.0,131.0,156.0,467.0,11.3,86.97,93.0,77.43,51.07,29.96,19.62,26.36,17.26,9.889,27.06,34.46,18.66,58.77,69.97
1095.0,209.0,148.0,179.0,523.0,18.0,110.86,112.0,96.3,63.53,31.14,19.56,32.77,21.73,12.822,29.75,39.15,28.42,67.88,84.58
960.0,191.0,150.0,158.0,493.0,15.5,104.16,112.0,89.32,57.64,29.85,20.43,31.68,22.85,10.648,32.4,44.7,21.71,67.61,76.9
1140.0,183.0,140.0,179.0,513.0,22.9,105.15,121.0,93.28,58.65,34.8,22.77,34.63,25.2,12.399,30.06,40.28,28.55,64.73,77.49
980.0,169.0,143.0,181.0,525.0,16.0,103.58,110.0,88.59,55.13,35.0,21.6,33.46,22.79,12.69,26.0,33.66,21.63,66.96,79.48
970.0,175.0,132.0,168.0,490.0,13.6,98.04,104.0,83.21,52.59,32.06,19.57,30.62,21.28,11.396,27.01,37.34,24.63,58.58,73.06
1050.0,179.0,136.0,177.0,508.0,15.8,104.84,106.5,89.29,54.7,30.97,18.68,34.59,23.47,14.206,29.75,39.48,22.77,66.52,75.34
1111.0,186.0,141.0,173.0,513.0,19.4,99.68,117.0,90.26,56.4,31.11,20.08,33.86,23.14,13.448,27.89,39.93,26.64,63.62,76.19
980.0,189.0,136.0,168.0,498.0,15.5,93.8,113.0,83.98,52.28,31.87,19.67,31.7,20.42,13.691,30.55,37.25,20.09,63.89,74.08
900.0,161.0,146.0,132.0,436.0,11.5,103.13,108.0,83.23,52.21,26.17,15.54,31.02,22.09,10.917,24.75,33.45,21.61,61.62,71.39
935.0,171.0,138.0,169.0,498.0,14.1,103.36,103.0,83.39,52.31,28.61,18.71,31.08,20.79,12.246,25.71,34.99,19.62,63.77,70.92
1163.0,191.0,138.0,192.0,540.0,22.0,108.65,112.0,93.44,55.12,34.1,22.51,38.32,25.85,14.175,28.41,38.5,27.91,65.53,77.42
1257.5,190.0,147.0,181.0,528.0,22.0,110.95,117.0,97.83,55.14,33.55,20.59,42.69,31.43,14.503,30.62,40.68,23.94,73.89,88.28
1148.0,179.0,142.0,167.0,505.0,19.0,108.49,111.0,94.86,56.58,33.01,20.79,38.28,26.82,14.394,29.86,36.55,26.35,68.51,82.36
1185.0,186.0,141.0,176.0,510.0,21.0,98.34,108.0,84.08,49.28,36.66,22.52,34.8,22.23,15.684,27.5,43.47,20.59,63.49,74.47
1258.0,206.0,142.0,183.0,520.0,25.5,115.5,115.0,100.55,64.4,32.93,20.36,36.15,23.86,14.714,28.93,41.28,25.38,75.17,86.13
1259.0,187.0,145.0,172.0,505.0,24.5,114.77,112.0,97.84,56.5,33.85,21.08,41.34,27.46,17.213,28.34,33.07,21.94,75.9,84.98
1194.0,200.0,144.0,188.0,523.0,24.0,122.28,122.0,102.87,63.4,33.78,22.71,39.47,26.47,15.648,28.96,39.11,26.37,76.5,89.91
1144.0,192.0,133.0,170.0,485.0,20.0,101.3,101.0,85.08,53.27,26.95,19.22,31.81,18.99,15.681,27.09,40.52,23.51,61.57,74.19
1210.0,190.0,142.0,170.0,501.0,23.0,110.3,111.0,93.6,55.32,32.01,20.35,38.28,26.05,15.437,27.97,37.21,23.85,69.75,78.09
1162.0,198.0,144.0,176.0,517.0,22.5,108.61,110.0,95.39,56.59,33.09,21.92,38.8,27.21,15.747,32.26,42.75,27.61,67.78,81.95
1172.0,194.0,134.0,189.0,518.0,22.0,106.94,114.0,94.27,53.21,28.43,18.77,41.06,27.66,17.292,30.96,41.4,20.08,74.19,82.51
1221.0,189.0,135.0,175.0,505.0,25.0,114.21,108.0,96.5,60.34,36.92,24.45,36.16,22.97,16.48,30.31,43.17,27.68,68.82,82.74
1190.0,187.0,139.0,179.0,520.0,23.0,106.28,109.0,91.63,52.61,33.41,22.38,39.02,28.68,14.461,30.77,39.7,22.2,69.43,76.97
1250.0,197.0,142.0,170.0,502.0,26.0,112.79,108.0,101.3,62.86,31.75,21.52,38.44,25.87,15.583,31.72,43.84,25.19,76.11,86.21
1227.0,202.0,131.0,177.0,497.0,23.0,109.07,107.0,92.77,55.59,31.69,20.95,37.18,26.98,14.228,29.41,39.13,24.9,67.87,76.76
1234.0,192.0,144.0,175.0,509.0,23.5,113.6,112.0,99.11,58.67,28.93,20.86,40.44,30.27,14.611,31.45,39.08,26.61,72.5,85.1
1338.0,191.0,142.0,187.0,533.0,27.0,114.14,106.0,101.3,61.39,32.66,21.93,39.91,29.05,14.838,30.77,38.2,26.88,74.42,87.78
1221.0,191.0,141.0,169.0,495.0,22.0,110.32,106.0,96.4,60.76,31.47,21.26,35.64,24.08,14.565,25.87,45.33,27.99,68.41,79.78
1280.0,206.0,143.0,182.0,517.0,26.0,118.94,103.0,99.73,58.63,28.44,21.49,41.1,30.68,14.574,28.73,40.44,26.34,73.39,82.71
1245.0,177.0,144.0,170.0,500.0,26.0,108.59,108.0,93.73,55.39,31.95,22.45,38.34,28.13,14.194,28.74,44.51,26.77,66.96,80.54
1127.0,187.0,145.0,181.0,518.0,21.0,110.38,107.0,93.02,53.91,36.15,23.38,39.11,26.95,15.182,29.53,38.91,21.78,71.24,79.31
1198.0,181.0,140.0,170.0,494.0,21.0,101.74,107.0,90.15,55.12,33.74,22.17,35.03,24.54,14.213,27.71,39.73,23.36,66.79,75.2
1210.0,207.0,151.0,183.0,532.0,23.5,116.07,120.0,101.92,59.74,30.26,20.97,42.18,31.36,13.468,28.61,42.62,24.64,77.28,86.5
1238.0,202.0,141.0,184.0,522.0,25.0,116.29,107.0,98.76,58.76,28.67,18.84,40.0,27.84,15.499,27.06,39.16,25.72,73.04,85.98
1158.0,187.0,143.0,178.0,504.0,17.5,102.36,104.0,88.38,51.1,26.19,16.96,37.28,24.17,15.275,26.4,35.63,23.86,64.52,72.77
1060.0,198.0,148.0,169.0,515.0,19.0,111.05,113.0,92.89,55.03,32.82,21.46,37.86,25.79,15.262,29.17,38.25,23.6,69.29,78.26
1177.0,209.0,146.0,177.0,511.0,22.0,115.92,100.0,98.91,57.61,34.72,22.4,41.3,28.34,16.17,28.74,37.93,23.63,75.28,83.55
1187.0,197.0,143.0,175.0,510.0,21.0,110.12,107.0,90.75,57.86,32.24,21.1,32.89,21.9,12.918,27.27,38.24,21.59,69.16,76.59
1138.0,196.0,140.0,175.0,510.0,19.5,114.42,104.0,102.83,68.61,30.65,19.17,34.22,22.36,13.539,28.88,42.14,31.04,71.79,82.1
1085.0,187.0,143.0,162.0,491.0,18.0,102.04,109.0,87.67,54.87,31.52,20.89,32.8,22.22,13.653,29.01,39.85,20.61,67.06,76.68
1124.0,197.0,138.0,187.0,520.0,20.0,109.21,107.0,96.22,59.78,33.64,23.0,36.44,25.04,13.128,28.56,41.25,22.52,73.7,84.72
1254.0,199.0,136.0,185.0,522.0,28.0,118.55,112.0,96.8,57.93,31.42,20.11,38.87,26.73,15.391,29.67,40.4,26.02,70.78,83.97
1216.0,202.0,149.0,167.0,497.0,22.0,116.08,105.0,98.13,58.58,33.0,20.11,39.55,29.82,14.257,28.77,37.47,26.02,72.11,81.06
1150.0,184.0,144.0,170.0,496.0,22.0,104.68,114.0,89.86,52.43,31.45,20.49,37.43,26.47,13.937,28.41,39.55,20.95,68.91,78.58
1135.0,197.0,132.0,187.0,518.0,20.0,106.45,110.0,92.59,58.15,36.1,24.03,34.44,21.64,14.0,26.22,38.44,20.62,71.97,82.24
1086.0,186.0,143.0,183.0,534.0,18.5,100.44,109.0,88.55,52.73,32.72,21.65,35.82,24.12,14.253,30.66,38.16,22.89,65.66,72.6
1158.0,206.0,142.0,186.0,523.0,22.5,108.35,114.0,97.53,63.93,33.88,23.01,33.6,19.94,15.603,29.62,40.32,24.66,72.87,81.92
1062.0,177.0,140.0,186.0,512.0,17.5,106.59,107.0,92.55,57.93,33.35,22.82,34.62,20.08,16.425,28.99,39.33,24.48,68.07,76.61
1125.0,182.0,137.0,175.0,504.0,19.0,109.26,103.0,93.07,55.28,32.3,17.46,37.79,26.8,14.11,26.01,29.85,24.17,68.9,77.44
1072.0,195.0,144.0,177.0,512.0,16.0,107.98,110.0,95.7,57.9,31.97,19.63,37.8,24.74,16.05,26.14,38.51,22.98,72.72,81.53
1190.0,188.0,140.0,189.0,522.0,20.0,111.34,109.0,94.52,54.82,30.79,18.69,39.7,31.72,12.036,27.86,33.73,23.01,71.51,81.45
1121.0,193.0,139.0,178.0,500.0,19.0,100.55,104.0,89.44,54.8,27.69,19.46,34.64,23.69,13.734,29.8,41.76,21.45,67.99,77.44
1147.0,194.0,135.0,174.0,490.0,23.0,108.4,106.0,94.95,59.16,32.58,21.83,35.79,26.14,12.84,30.96,39.34,24.64,70.31,78.52
1171.0,204.0,140.0,175.0,510.0,20.5,111.61,103.0,95.39,58.0,32.89,21.4,37.39,24.43,15.466,25.58,36.58,26.29,69.1,78.14
1176.0,185.0,137.0,156.0,467.0,19.5,102.55,100.0,90.21,54.68,29.8,19.35,35.53,23.55,15.123,28.26,36.32,24.12,66.09,74.37
1269.0,185.0,142.0,179.0,517.0,27.0,107.54,108.0,93.8,56.3,34.0,22.67,37.5,24.29,16.925,31.39,39.76,25.31,68.49,79.98
1138.0,192.0,134.0,167.0,483.0,18.0,102.43,106.0,88.34,51.66,35.23,23.06,36.68,25.33,14.604,28.17,41.23,26.52,61.82,72.06
1257.0,200.0,136.0,170.0,497.0,22.0,116.33,99.0,98.28,55.56,35.03,24.06,42.72,31.83,16.473,28.73,37.14,27.52,70.76,81.26
1243.0,198.0,141.0,189.0,532.0,22.0,116.64,103.0,102.98,63.23,32.02,19.17,39.75,26.98,15.988,29.7,38.94,27.22,75.76,86.07
1158.0,221.0,142.0,183.0,529.0,23.0,123.04,103.0,104.29,67.49,36.26,25.02,36.8,26.41,13.938,29.15,38.65,31.81,72.48,82.77
1226.0,204.0,148.0,173.0,524.0,29.5,123.0,118.0,104.55,61.52,31.37,21.71,43.03,28.19,18.093,32.52,39.62,26.62,77.93,85.89
1167.0,194.0,140.0,192.0,540.0,23.5,108.94,102.0,97.01,58.7,34.91,22.49,38.31,28.23,13.089,28.37,37.16,26.72,70.29,79.93
1247.0,189.0,142.0,170.0,513.0,25.0,109.71,109.0,98.6,60.33,31.97,20.45,38.27,27.21,15.472,30.06,42.77,25.28,73.32,84.23
1050.0,191.0,136.0,177.0,500.0,18.0,103.14,105.0,90.8,53.82,31.15,20.14,36.98,26.31,14.148,27.57,37.63,23.38,67.42,78.23
1086.0,193.0,136.0,174.0,495.0,17.0,100.06,106.0,89.18,54.68,32.28,20.28,34.5,24.05,13.47,30.13,34.9,21.86,67.32,75.31
1065.0,195.0,146.0,194.0,553.0,20.0,108.55,104.0,97.79,57.31,31.27,20.98,40.48,29.97,14.302,27.76,37.33,25.85,71.94,80.43
1027.0,174.0,143.0,160.0,488.0,18.0,96.51,107.0,86.06,52.47,31.84,21.94,33.59,23.99,13.248,27.58,36.42,23.72,62.34,71.82
1190.0,197.0,135.0,188.0,510.0,20.5,103.45,107.0,88.74,56.92,34.57,22.6,31.82,20.33,14.087,28.26,35.11,24.02,64.72,76.11
1020.0,190.0,135.0,177.0,500.0,16.0,104.36,106.0,88.52,54.02,32.79,20.32,34.5,24.27,13.288,25.35,38.59,24.36,64.16,73.56
1093.0,181.0,132.0,175.0,475.0,18.0,105.46,100.0,91.39,56.54,32.08,20.84,34.85,23.59,13.994,27.85,34.81,20.8,70.59,78.25
1079.0,197.0,142.0,172.0,502.0,16.5,100.21,101.0,88.34,50.96,33.15,22.68,37.38,26.22,13.65,26.46,33.86,21.25,67.09,76.64
1213.0,192.0,136.0,175.0,490.0,20.5,106.69,106.0,91.59,55.44,29.01,19.53,36.15,25.25,13.628,28.29,39.33,23.33,68.26,78.35
1112.0,182.0,134.0,184.0,518.0,18.0,106.22,103.0,92.12,55.78,31.4,21.48,36.34,24.6,14.045,28.66,41.91,25.74,66.38,77.24
1128.0,190.0,148.0,175.0,509.0,20.0,114.61,109.0,100.77,60.44,32.33,22.06,40.33,27.86,15.361,29.06,37.19,27.02,73.75,87.1
1099.0,180.0,141.0,167.0,490.0,18.0,103.8,107.0,92.92,55.95,34.66,23.69,36.97,25.67,15.116,28.66,41.47,22.07,70.85,81.42
1080.0,183.0,152.0,166.0,509.0,19.0,102.08,112.0,93.24,57.26,32.5,21.8,35.98,25.66,13.55,26.16,34.42,22.35,70.89,79.84
1176.0,186.0,135.0,176.0,498.0,19.0,104.55,103.0,91.78,56.8,27.19,17.8,34.98,23.97,13.615,26.2,38.1,22.15,69.63,79.42
1157.0,168.0,135.0,176.0,494.0,22.0,100.55,109.0,89.95,55.54,31.68,21.39,34.41,24.11,14.363,29.82,42.65,24.04,65.91,75.96
1032.0,186.0,147.0,174.0,510.0,20.5,108.67,111.0,96.05,57.31,34.21,22.78,38.74,27.31,15.108,29.1,37.38,25.94,70.11,79.98
1130.0,184.0,137.0,176.0,498.0,19.5,109.77,108.0,98.53,59.41,32.89,20.56,39.12,26.9,15.727,29.13,42.7,24.26,74.27,84.39
1140.0,184.0,140.0,171.0,490.0,24.0,108.01,112.0,94.3,57.76,32.58,20.69,36.54,24.66,13.819,28.65,38.68,28.5,65.8,78.52
1117.0,171.0,132.0,179.0,498.0,20.5,106.7,111.0,94.6,58.26,30.13,19.37,36.34,25.86,14.942,26.61,39.05,27.04,67.56,80.23
1175.0,192.0,135.0,185.0,521.0,22.0,104.78,99.0,93.74,51.96,31.43,22.09,41.78,28.71,17.941,29.62,43.8,27.14,66.6,78.55
1298.0,216.0,146.0,192.0,543.0,26.0,113.66,111.0,100.93,61.58,37.11,24.59,39.35,26.86,15.176,30.63,40.36,27.39,73.54,86.93
1064.0,188.0,135.0,180.0,510.0,19.0,113.11,102.0,95.17,61.98,36.65,24.44,33.19,20.64,15.265,31.35,36.65,26.76,68.41,79.53
1292.0,216.0,143.0,181.0,516.0,26.0,117.79,111.0,101.01,60.41,31.04,18.48,40.6,29.92,15.746,27.23,37.12,25.06,75.95,86.21
1036.0,177.0,133.0,168.0,490.0,14.5,93.14,105.0,84.66,50.39,31.08,20.09,34.27,23.32,13.674,26.43,34.49,22.47,62.19,72.45
1072.0,175.0,138.0,178.0,510.0,17.0,98.28,102.0,83.88,49.7,32.64,20.86,34.18,25.53,12.44,27.13,43.78,24.58,59.3,68.7
1286.0,208.0,146.0,189.0,535.0,27.5,117.02,109.0,100.07,62.54,31.27,20.98,37.53,26.66,14.482,31.14,42.41,29.75,70.32,82.25
1138.0,176.0,149.0,168.0,504.0,22.5,100.19,111.0,90.07,51.16,32.46,19.99,38.91,27.1,16.208,27.19,34.72,24.01,66.06,76.7
1176.0,183.0,144.0,165.0,491.0,23.0,104.6,114.0,92.1,57.29,30.4,19.63,34.81,25.01,12.613,26.44,38.4,25.2,66.9,77.27
1236.0,202.0,145.0,182.0,520.0,25.5,114.03,111.0,102.36,63.07,36.05,21.13,39.29,27.12,14.488,30.79,37.38,25.07,77.29,86.67
1161.0,192.0,132.0,179.0,520.0,20.5,107.02,108.0,96.01,60.68,31.9,21.01,35.33,24.53,14.084,27.65,33.67,27.05,68.96,80.34
1201.0,180.0,135.0,186.0,516.0,22.0,104.37,108.0,90.48,54.91,31.42,21.06,35.57,23.65,14.218,26.53,38.73,26.06,64.42,73.48
1170.0,198.0,135.0,188.0,531.0,23.5,113.43,108.0,101.02,63.06,31.36,20.96,37.96,23.8,16.614,28.85,38.93,26.38,74.64,84.79
1102.0,181.0,136.0,180.0,510.0,19.0,110.86,102.0,93.22,58.53,33.69,21.91,34.69,23.19,14.288,24.59,37.44,27.44,65.78,75.86
1302.0,194.0,142.0,194.0,534.0,25.0,109.85,111.0,98.95,57.63,33.67,18.34,41.32,31.74,14.096,28.79,43.61,29.15,69.8,80.76
1338.0,185.0,151.0,183.0,535.0,29.0,115.37,111.0,103.51,64.04,33.54,22.29,39.47,28.37,15.811,29.39,41.4,30.89,72.62,84.43
1211.0,183.0,144.0,180.0,516.0,27.0,111.24,114.0,97.9,61.91,32.24,20.38,35.99,24.48,15.293,30.36,43.0,26.21,71.69,85.56
1296.0,208.0,148.0,181.0,523.0,25.0,114.05,113.0,100.13,56.91,32.25,20.77,43.22,31.68,15.683,28.92,42.8,23.84,76.29,86.84
1205.0,199.0,137.0,178.0,496.0,22.0,113.52,106.0,100.17,61.83,33.83,22.29,38.34,28.15,13.321,28.44,35.05,28.77,71.4,82.31
1262.0,216.0,145.0,182.0,515.0,22.5,113.24,110.0,99.11,62.75,37.62,24.48,36.36,25.39,15.727,29.51,42.84,27.56,71.55,83.41
1280.0,189.0,144.0,182.0,515.0,25.0,105.38,112.0,91.91,51.67,30.68,20.73,40.24,28.78,15.543,28.51,38.95,20.82,71.09,79.29
1193.0,200.0,137.0,187.0,530.0,23.0,102.81,107.0,87.21,50.08,30.87,20.24,37.13,28.19,13.169,28.43,41.83,24.73,62.48,71.47
1169.0,207.0,142.0,185.0,525.0,23.0,114.92,113.0,98.8,60.23,32.71,20.93,38.57,27.77,14.678,29.17,36.81,27.51,71.29,83.1
1089.0,185.0,140.0,167.0,490.0,19.0,102.23,102.0,92.09,57.03,32.52,20.74,35.06,25.51,13.705,28.8,35.33,24.79,67.3,79.84
1108.0,195.0,138.0,177.0,503.0,12.0,102.52,102.0,93.55,53.28,29.82,19.87,40.27,28.28,15.46,27.4,34.45,24.49,69.06,81.25
1207.0,205.0,153.0,178.0,527.0,20.5,110.48,106.0,98.8,61.12,29.78,19.34,37.68,25.37,15.66,29.38,39.52,26.39,72.41,83.81
1129.0,196.0,137.0,187.0,515.0,23.0,109.85,111.0,93.87,56.85,33.5,22.09,37.02,26.07,13.746,26.72,42.29,23.5,70.37,80.29
1205.0,199.0,138.0,188.0,520.0,20.5,120.12,102.0,103.9,63.41,31.84,20.3,40.49,27.68,15.748,28.5,32.87,26.08,77.82,88.61
1188.0,195.0,152.0,179.0,531.0,23.0,102.58,112.0,92.29,53.77,30.89,21.3,38.52,27.91,14.069,29.6,42.07,24.81,67.48,79.28
1195.0,195.0,139.0,188.0,524.0,22.0,110.92,106.0,96.83,61.19,32.8,21.64,35.64,24.02,13.929,29.22,41.82,26.17,70.66,82.86
1210.0,198.0,150.0,183.0,527.0,21.5,116.01,104.0,101.15,62.56,33.78,21.45,38.59,27.85,13.494,29.83,39.58,25.81,75.34,84.71
1290.0,201.0,153.0,184.0,531.0,26.0,111.89,106.0,97.03,61.12,33.71,21.78,35.91,23.73,15.392,30.43,37.78,25.46,71.57,83.77
1125.0,192.0,138.0,177.0,507.0,21.0,111.83,107.0,98.97,60.78,33.53,22.69,38.19,26.71,13.599,27.3,35.22,28.48,70.49,81.99
1141.0,196.0,145.0,179.0,507.0,18.0,114.16,104.0,97.11,58.44,32.47,20.57,38.67,28.43,13.013,26.05,31.44,26.27,70.84,80.84
1176.0,196.0,138.0,178.0,515.0,20.0,111.59,104.0,95.34,58.62,30.51,20.52,36.72,24.1,14.921,27.91,34.31,28.29,67.05,76.41
1134.0,175.0,134.0,171.0,496.0,19.8,105.31,100.0,92.66,57.56,31.72,21.82,35.1,22.13,15.679,25.89,35.51,26.06,66.6,76.17
1068.0,208.0,147.0,188.0,530.0,19.5,111.91,111.0,95.91,58.21,35.5,22.12,37.7,25.88,14.02,29.0,36.07,24.12,71.79,80.4
1211.0,206.0,143.0,190.0,522.0,25.0,107.43,108.0,95.47,59.27,36.68,24.64,36.2,23.57,16.011,32.35,42.61,25.74,69.73,78.71
1202.0,193.0,145.0,175.0,510.0,24.0,103.83,108.0,93.15,56.66,32.11,21.56,36.49,23.7,15.68,27.14,42.59,26.06,67.09,76.14
1198.0,194.0,142.0,180.0,510.0,20.5,109.75,103.0,95.35,54.52,33.01,19.92,40.83,27.36,16.652,27.93,33.29,24.76,70.59,79.1
1280.0,194.0,136.0,184.0,522.0,24.5,112.32,103.0,98.57,57.49,33.31,22.61,41.08,28.16,15.984,30.88,45.19,25.59,72.98,80.31
1108.0,179.0,141.0,177.0,507.0,18.0,105.11,100.0,91.53,55.43,30.48,19.75,36.1,22.1,17.124,26.98,37.99,23.5,68.03,76.47
1189.0,207.0,153.0,168.0,507.0,19.5,108.34,108.0,93.22,57.09,33.26,21.41,36.13,24.54,13.216,29.6,39.75,25.9,67.32,77.04
1225.0,194.0,138.0,178.0,497.0,24.0,110.49,99.0,97.39,57.53,30.85,16.55,39.86,27.52,14.86,28.55,36.93,24.29,73.1,81.71
810.0,165.0,138.0,147.0,470.0,11.0,89.68,108.0,72.66,45.82,32.95,21.09,26.84,16.52,12.966,29.67,48.6,18.54,54.12,61.66
775.0,156.0,127.0,154.0,460.0,9.11,84.86,99.0,74.94,44.38,27.95,18.23,30.56,19.77,12.966,24.82,36.5,18.83,56.11,64.31
735.0,156.0,125.0,163.0,470.0,8.95,89.99,98.0,74.2,47.07,31.89,20.27,27.13,18.15,10.867,27.04,35.05,16.16,58.04,64.69
1105.0,189.0,145.0,179.0,513.0,20.0,102.43,108.0,89.89,56.16,32.19,21.19,33.73,23.67,13.782,26.73,38.27,25.13,64.76,73.59
950.0,173.0,124.0,170.0,474.0,13.4,98.31,105.0,87.32,57.05,33.27,22.17,30.27,19.64,12.197,25.44,37.51,21.51,65.81,76.09
1015.0,193.0,138.0,188.0,520.0,16.5,105.39,110.0,90.23,56.81,34.03,22.5,33.42,23.99,11.034,27.96,36.54,25.7,64.53,75.13
1150.0,187.0,145.0,184.0,535.0,21.0,109.67,111.0,96.27,64.09,28.84,18.44,32.18,20.04,13.92,28.55,36.53,28.02,68.25,78.43
885.0,164.0,133.0,164.0,483.0,12.1,92.93,103.0,78.49,49.15,30.16,19.32,29.34,19.37,12.38,25.91,35.34,20.35,58.14,65.88
855.0,165.0,151.0,170.0,505.0,13.0,98.02,116.0,83.81,54.49,31.77,19.82,29.32,20.8,10.638,25.64,31.41,25.49,58.32,66.94
835.0,172.0,122.0,156.0,460.0,11.6,101.48,100.0,87.96,58.16,31.0,20.49,29.8,20.51,11.454,24.77,31.13,26.99,60.97,70.51
1035.0,185.0,137.0,176.0,502.0,15.3,104.97,102.0,90.24,58.52,29.75,19.57,31.72,21.4,12.331,25.74,33.58,25.79,64.45,75.58
790.0,161.0,135.0,149.0,448.0,13.4,94.56,108.0,83.15,55.34,27.9,18.85,27.81,18.64,11.524,23.57,31.78,19.9,63.25,70.76
1040.0,185.0,143.0,174.0,516.0,17.5,108.6,109.0,94.77,56.94,33.82,21.52,37.83,25.81,15.61,30.33,39.47,27.24,67.53,77.42
968.0,173.0,143.0,163.0,484.0,15.5,105.78,100.0,90.7,56.33,34.11,22.18,34.37,20.67,15.875,31.6,39.77,25.41,65.29,73.26
1010.0,180.0,138.0,168.0,498.0,16.9,103.33,112.0,91.15,57.82,31.19,21.22,33.33,23.49,13.281,29.1,42.08,26.14,65.01,74.05
1100.0,183.0,137.0,175.0,504.0,17.9,105.47,107.0,92.45,55.93,31.13,20.53,36.52,23.8,15.692,26.65,37.16,22.36,70.09,81.11
1060.0,194.0,135.0,179.0,510.0,21.3,103.2,105.0,90.2,58.01,29.54,19.65,32.19,20.73,14.696,27.0,36.21,24.8,65.4,75.15
1000.0,187.0,145.0,150.0,474.0,14.4,101.78,110.0,85.96,52.25,32.22,20.67,33.71,23.58,13.166,25.32,39.03,25.18,60.78,68.92
988.0,178.0,140.0,160.0,485.0,14.0,98.99,99.0,84.57,56.3,32.05,21.09,28.27,18.33,12.004,24.25,33.66,24.63,59.94,69.52
797.0,159.0,122.0,168.0,475.0,10.2,96.18,91.0,80.73,53.06,28.82,18.76,27.67,18.3,11.66,23.96,37.58,17.98,62.75,69.18
830.0,162.0,129.0,152.0,450.0,11.26,93.81,100.0,79.73,51.49,29.43,19.49,28.24,17.6,12.714,24.83,34.56,20.43,59.3,66.3
1060.0,184.0,148.0,177.0,518.0,17.4,105.49,107.0,92.42,56.39,34.82,22.97,36.03,24.55,14.737,26.79,34.85,23.63,68.79,77.78
830.0,164.0,136.0,160.0,480.0,11.5,93.98,105.0,81.25,52.71,32.56,22.55,28.54,19.25,11.361,25.26,32.19,18.43,62.82,69.08
970.0,171.0,136.0,176.0,495.0,14.1,102.65,108.0,90.1,59.88,34.39,22.79,30.22,20.86,12.255,28.29,38.96,26.28,63.82,72.79
840.0,167.0,130.0,168.0,474.0,13.1,90.04,100.0,74.86,46.76,31.22,21.71,28.1,18.21,12.036,30.07,40.01,19.2,55.66,62.67
957.0,181.0,142.0,175.0,496.0,13.4,104.31,103.0,88.76,54.62,31.99,21.9,34.14,24.96,11.454,26.51,35.04,24.24,64.52,72.93
810.0,165.0,130.0,164.0,477.0,11.4,102.47,100.0,83.44,53.81,29.39,19.96,29.63,19.57,12.736,27.17,37.01,19.36,64.08,70.69
1108.0,201.0,132.0,182.0,518.0,19.0,105.79,102.0,94.45,60.74,31.62,20.98,33.71,22.92,13.625,26.35,35.0,25.17,69.28,77.74
1190.0,191.0,145.0,181.0,515.0,21.0,106.0,108.0,90.73,52.65,32.63,21.06,38.08,25.57,15.523,27.83,43.4,22.73,68.0,78.98
1027.0,191.0,144.0,179.0,498.0,16.0,106.35,108.0,89.56,54.56,33.21,22.1,35.0,24.09,13.666,25.93,40.68,27.88,61.68,73.15
1089.0,178.0,137.0,175.0,497.0,19.0,110.17,102.0,93.34,58.68,32.82,22.17,34.66,24.56,12.903,27.63,33.82,25.52,67.82,76.88
1124.0,184.0,134.0,169.0,503.0,18.0,102.4,104.0,87.7,52.56,32.68,21.89,35.14,22.39,16.278,28.35,33.49,20.73,66.97,75.86
1172.0,198.0,137.0,183.0,514.0,21.0,103.95,106.0,90.44,57.69,34.91,23.97,32.75,21.7,14.723,30.71,41.03,24.76,65.68,75.54
1184.0,189.0,142.0,182.0,512.0,22.0,114.23,101.0,98.22,62.86,30.09,20.31,35.36,23.11,15.719,27.89,42.98,31.52,66.7,76.55
1105.0,189.0,146.0,182.0,509.0,18.0,111.83,107.0,93.51,59.63,34.51,22.31,33.88,22.33,14.923,26.19,35.23,28.02,65.49,72.05
1182.0,185.0,140.0,177.0,503.0,22.5,107.28,104.0,97.58,59.15,32.27,20.68,38.43,25.44,16.653,27.93,41.77,25.44,72.14,81.5
1065.0,194.0,130.0,177.0,499.0,19.0,100.39,106.0,89.17,51.88,30.08,20.67,37.29,26.65,13.694,26.61,35.95,23.26,65.91,72.52
1108.0,210.0,142.0,167.0,494.0,16.5,109.38,103.0,96.26,59.95,31.35,20.05,36.31,26.23,14.017,27.67,36.87,28.75,67.51,75.65
1170.0,186.0,149.0,180.0,512.0,23.5,108.44,112.0,92.88,55.52,33.08,22.36,37.36,26.67,14.597,30.62,43.9,24.65,68.23,80.51
1109.0,175.0,136.0,176.0,505.0,20.0,114.78,106.0,94.35,58.15,31.97,21.34,36.2,25.29,13.406,28.94,34.54,23.4,70.95,80.78
1197.0,192.0,130.0,178.0,485.0,21.5,108.59,111.0,96.11,58.96,33.96,23.1,37.15,25.32,15.42,27.59,37.71,25.79,70.32,81.38
1120.0,178.0,137.0,176.0,511.0,19.0,98.79,106.0,86.53,49.68,33.42,22.8,36.85,24.73,15.144,27.12,38.34,20.87,65.66,74.26
1047.0,192.0,132.0,178.0,505.0,17.5,109.93,103.0,94.12,57.7,35.07,23.45,36.42,23.48,16.094,27.78,37.9,23.47,70.65,79.73
1060.0,191.0,140.0,182.0,516.0,20.0,109.93,113.0,98.45,61.93,37.18,25.97,36.52,24.35,16.06,28.58,33.72,26.04,72.41,86.36
1207.0,205.0,148.0,190.0,542.0,26.0,112.47,112.0,102.5,61.42,39.48,26.77,41.08,28.8,17.191,30.32,41.25,33.39,69.11,82.51
1100.0,181.0,134.0,173.0,493.0,19.0,102.8,108.0,88.71,52.57,31.69,21.66,36.14,25.11,14.098,27.55,32.66,22.02,66.69,77.06
1154.0,186.0,129.0,174.0,492.0,18.5,100.32,104.0,90.76,55.75,29.63,19.9,35.01,21.93,15.374,29.61,34.44,24.18,66.58,77.82
1091.0,191.0,139.0,180.0,511.0,22.0,113.0,101.0,99.95,63.05,29.41,20.45,36.9,23.82,15.654,28.07,39.7,26.77,73.18,82.29
1259.0,184.0,142.0,176.0,522.0,24.0,109.05,108.0,98.4,60.75,34.74,23.37,37.65,27.98,13.961,29.28,38.89,27.65,70.75,83.2
1175.0,198.0,146.0,170.0,505.0,19.5,114.17,108.0,103.94,63.62,31.74,22.28,40.32,27.19,16.938,27.24,37.43,27.25,76.69,86.3
1158.0,202.0,152.0,175.0,527.0,22.0,109.12,109.0,100.89,58.53,35.34,22.89,42.36,30.25,16.387,31.02,39.97,23.27,77.62,86.18
1049.0,178.0,127.0,168.0,468.0,15.0,103.03,100.0,92.71,56.2,30.54,19.68,36.51,23.99,15.344,26.59,35.02,27.96,64.75,72.79
1040.0,177.0,131.0,166.0,489.0,16.0,100.46,102.0,89.41,55.41,30.85,20.12,34.0,22.52,14.544,28.3,36.95,24.97,64.44,73.58
1064.0,179.0,133.0,166.0,479.0,14.7,109.06,100.0,95.77,58.97,29.93,19.18,36.8,25.82,12.367,25.1,33.09,25.45,70.32,81.41
725.0,150.0,120.0,149.0,445.0,8.3,86.44,95.0,72.41,46.44,29.19,19.68,25.97,14.77,12.146,23.97,30.18,16.45,55.96,61.93
1032.0,177.0,131.0,165.0,492.0,16.5,101.59,106.0,87.91,54.17,32.29,21.14,33.74,22.61,14.213,26.14,36.14,23.14,64.77,73.25
730.0,148.0,118.0,162.0,467.0,9.1,96.73,93.0,82.04,52.24,29.26,18.55,29.8,19.14,12.601,23.98,30.05,17.3,64.74,72.05
698.0,169.0,120.0,152.0,454.0,8.77,81.14,100.0,67.07,40.05,28.2,17.78,27.02,18.05,11.654,23.98,34.73,18.49,48.58,56.1
800.0,164.0,127.0,155.0,475.0,10.4,97.59,102.0,84.94,54.62,34.09,23.35,30.32,20.42,12.107,26.52,37.69,17.26,67.68,75.45
976.0,170.0,132.0,155.0,466.0,12.75,96.11,104.0,83.39,50.88,32.12,21.56,32.51,22.68,12.185,25.98,35.21,22.92,60.47,69.68
1000.0,172.0,140.0,170.0,506.0,15.8,106.05,107.0,91.75,57.93,33.86,22.17,33.82,24.51,11.588,25.79,33.87,25.19,66.56,73.54
720.0,170.0,128.0,145.0,450.0,8.85,88.96,98.0,73.58,46.57,30.47,20.35,27.01,17.02,11.07,25.61,32.39,16.23,57.35,64.08
820.0,157.0,128.0,166.0,473.0,10.5,89.61,98.0,77.05,47.49,28.83,17.97,29.56,19.08,12.847,26.6,37.2,19.97,57.08,65.71
656.0,143.0,124.0,145.0,440.0,7.35,93.23,94.0,77.96,51.13,30.23,20.08,26.83,15.89,12.401,26.12,34.67,19.07,58.89,65.37
765.0,177.0,127.0,160.0,470.0,9.24,95.82,102.0,82.93,52.29,29.59,19.72,30.64,20.73,11.722,27.07,33.72,17.16,65.77,72.56
880.0,192.0,135.0,172.0,490.0,13.15,98.03,104.0,82.55,57.69,29.89,19.95,24.86,14.79,11.092,27.02,33.58,20.4,62.15,68.98
1100.0,181.0,149.0,168.0,507.0,22.0,112.19,114.0,101.95,65.17,33.02,22.19,36.78,23.99,16.266,31.4,37.13,30.51,71.44,80.17
789.0,172.0,133.0,162.0,475.0,9.5,97.73,90.0,83.19,52.76,29.3,19.11,30.43,18.33,13.493,24.13,30.53,20.6,62.59,70.11
816.0,187.0,132.0,177.0,489.0,11.5,108.58,102.0,88.96,58.23,31.85,21.23,30.73,20.48,11.576,25.93,33.09,22.26,66.7,73.58
735.0,168.0,127.0,147.0,450.0,9.6,86.69,103.0,77.0,49.78,30.25,20.56,27.22,19.15,10.003,25.48,28.4,19.96,57.04,64.63
951.0,169.0,131.0,167.0,479.0,15.0,94.62,107.0,83.63,52.02,29.39,19.46,31.61,21.39,12.577,26.45,34.58,20.86,62.77,70.1
950.0,176.0,134.0,174.0,497.0,13.0,96.43,100.0,84.24,54.06,32.12,21.33,30.18,20.51,11.449,25.37,37.29,22.32,61.92,72.16
1016.0,176.0,139.0,176.0,520.0,16.0,101.76,111.0,88.86,58.2,32.94,21.95,30.66,18.4,14.547,27.59,35.76,23.88,64.98,71.51
1184.0,190.0,145.0,181.0,534.0,23.0,113.71,107.0,102.09,62.87,32.66,23.4,39.22,28.49,14.777,29.04,39.89,25.94,76.15,84.87
1255.0,192.0,135.0,192.0,520.0,23.5,111.15,111.0,98.69,62.85,35.4,23.4,35.84,21.95,16.54,29.71,42.44,27.0,71.69,79.05
823.0,177.0,130.0,172.0,475.0,10.5,98.6,102.0,83.78,53.54,34.24,21.66,30.24,21.05,10.467,26.11,31.93,25.04,58.74,66.9
1038.0,167.0,126.0,167.0,480.0,17.0,97.98,98.0,83.31,46.94,28.71,18.15,36.37,24.39,14.257,26.5,31.94,18.46,64.85,72.58
910.0,176.0,135.0,166.0,485.0,13.0,93.94,99.0,83.0,50.56,31.08,21.46,32.44,21.46,14.028,26.15,36.9,23.03,59.97,66.29
1069.0,165.0,134.0,175.0,504.0,17.5,113.0,106.0,96.22,60.16,30.3,20.46,36.06,22.55,15.506,25.96,33.81,25.71,70.51,79.39
1138.0,192.0,132.0,189.0,509.0,17.0,107.63,101.0,93.57,57.4,27.43,17.76,36.17,24.8,14.613,26.96,33.78,23.21,70.36,77.43
1120.0,204.0,144.0,184.0,518.0,21.0,104.14,110.0,92.02,56.82,30.57,19.56,35.2,24.44,14.54,30.38,43.5,23.73,68.29,76.41
1040.0,180.0,141.0,171.0,540.0,18.0,109.32,113.0,95.72,59.46,30.19,20.14,36.26,24.22,14.008,28.33,31.55,23.12,72.6,79.96
860.0,161.0,132.0,169.0,489.0,12.0,95.22,104.0,81.36,50.38,30.98,20.72,30.98,18.91,13.615,27.18,35.78,18.24,63.12,67.96
655.0,147.0,115.0,136.0,440.0,6.56,85.19,96.0,72.22,48.1,27.74,18.62,24.12,14.76,11.552,23.37,26.83,14.99,57.23,62.92
1051.0,175.0,142.0,170.0,505.0,16.5,100.66,113.5,88.91,53.39,31.23,22.15,35.52,25.23,14.121,26.0,35.3,28.43,60.48,69.34
894.0,150.0,135.0,165.0,476.0,11.0,90.89,106.0,80.58,47.92,31.57,21.42,32.66,22.49,13.083,26.19,33.41,21.35,59.23,66.51
1038.0,180.0,144.0,173.0,507.0,14.0,103.56,105.0,88.95,54.26,33.83,21.17,34.69,23.66,13.852,26.34,35.71,22.44,66.51,75.17
1210.0,172.0,133.0,158.0,472.0,11.6,86.86,112.0,76.72,50.43,33.9,23.42,26.29,16.32,11.81,24.59,46.73,21.43,55.29,63.99
1056.5,191.0,137.0,179.0,511.0,17.0,98.89,105.0,89.55,54.58,29.87,19.44,34.97,23.23,14.36,26.4,35.58,24.51,65.04,73.23
932.0,177.0,141.0,168.0,484.0,14.5,101.04,107.0,86.51,55.67,34.59,21.8,30.84,20.29,12.329,26.43,38.49,22.68,63.83,73.71
1057.0,184.0,140.0,172.0,489.0,15.5,100.4,104.0,86.88,55.77,30.43,20.38,31.11,20.49,13.23,27.64,41.27,20.41,66.47,74.54
1086.0,166.0,131.0,166.0,493.0,17.5,99.22,100.0,87.34,53.66,29.96,19.51,33.68,23.53,13.592,25.72,33.8,26.22,61.12,71.78
902.0,170.0,122.0,176.0,493.0,12.0,93.75,91.0,83.56,48.91,32.24,21.34,34.65,24.05,14.382,25.25,34.28,23.2,60.36,69.01
886.0,195.0,124.0,179.0,490.0,12.0,90.52,97.0,80.47,46.64,32.24,21.41,33.83,24.14,13.817,24.32,34.24,19.73,60.74,67.71
1020.0,178.0,135.0,183.0,525.0,19.5,110.68,102.0,94.75,57.55,31.39,20.75,37.2,24.63,16.194,28.67,32.52,23.25,71.5,79.55
1000.0,186.0,142.0,165.0,510.0,15.0,100.29,107.0,89.14,55.45,31.49,21.1,33.69,20.4,15.456,27.95,34.3,26.32,62.82,71.3
720.0,155.0,118.0,168.0,457.0,8.0,88.25,93.0,75.6,49.38,29.12,18.84,26.22,17.34,10.745,26.34,35.44,19.13,56.47,61.94
1009.0,185.0,138.0,180.0,550.0,14.0,98.19,109.0,84.31,49.29,29.37,19.11,35.02,24.64,14.337,28.06,39.07,20.42,63.89,72.41
1318.0,190.0,145.0,169.0,493.0,27.5,118.46,120.0,105.13,60.38,32.86,21.49,44.75,29.41,18.859,29.75,43.82,28.0,77.13,86.52
1297.0,186.0,150.0,178.0,522.0,27.0,110.26,121.0,94.59,60.97,34.73,23.51,33.62,21.82,15.597,27.21,37.39,27.17,67.42,77.4
1269.0,195.0,167.0,178.0,525.0,25.5,111.21,126.0,94.96,58.24,38.04,26.14,36.72,24.4,16.161,30.65,47.38,23.17,71.79,82.88
1256.0,210.0,150.0,169.0,500.0,21.0,109.54,110.0,97.29,60.43,30.79,20.32,36.86,25.33,15.481,27.12,37.9,25.58,71.71,81.19
1150.0,188.0,150.0,171.0,500.0,21.0,113.15,123.0,100.0,61.1,37.5,24.68,38.9,27.93,13.122,28.42,39.23,27.78,72.22,82.59
1159.0,187.0,140.0,177.0,504.0,19.0,105.17,109.0,94.09,56.17,33.19,22.71,37.92,25.68,14.959,28.13,35.71,24.66,69.43,77.3
1084.0,192.0,143.0,170.0,496.0,20.0,106.28,106.0,95.14,59.89,25.88,16.79,35.25,23.42,15.216,27.17,37.1,22.69,72.45,79.82
1142.0,201.0,161.0,178.0,528.0,23.5,111.89,121.0,99.77,63.55,34.54,24.14,36.22,23.68,16.202,30.41,40.93,25.22,74.55,83.74
1205.0,190.0,155.0,176.0,519.0,20.5,105.4,121.0,93.4,55.46,33.89,19.18,37.94,25.82,15.084,28.9,43.45,23.18,70.22,79.09
1248.0,179.0,135.0,182.0,516.0,20.5,105.65,108.0,90.55,56.17,29.76,20.16,34.38,23.5,14.126,29.71,43.74,26.85,63.7,71.16
1286.0,194.0,151.0,191.0,540.0,25.0,111.05,115.0,97.61,57.32,34.13,23.09,40.29,28.92,15.904,29.57,38.88,27.3,70.31,79.72
1230.0,207.0,156.0,182.0,532.0,25.5,115.75,123.0,105.21,64.54,32.33,22.17,40.67,27.25,16.164,28.47,45.9,27.97,77.24,84.57
1331.0,196.0,161.0,181.0,530.0,26.0,118.81,127.0,98.95,60.49,34.85,23.27,38.46,26.74,14.759,28.17,41.71,29.92,69.03,78.0
1204.0,185.0,147.0,168.0,505.0,18.5,104.73,116.0,91.96,56.21,34.08,22.41,35.75,24.46,15.316,30.78,41.95,24.13,67.83,75.67
1222.0,191.0,156.0,166.0,503.0,22.0,112.59,129.0,97.07,57.4,34.03,22.97,39.67,28.81,15.465,28.49,40.12,24.53,72.54,78.35
1230.0,183.0,144.0,171.0,499.0,22.0,106.02,119.0,97.01,57.61,33.43,22.5,39.4,27.64,15.607,30.31,37.49,26.45,70.56,79.0
1195.0,180.0,146.0,175.0,494.0,21.0,108.71,111.0,96.24,53.17,28.3,19.06,43.07,31.07,16.662,26.17,34.48,28.1,68.14,78.05
1179.0,195.0,154.0,177.0,510.0,23.0,115.87,123.0,102.39,67.58,33.01,22.28,34.81,23.16,13.861,29.21,39.59,27.5,74.89,86.44
1136.0,184.0,150.0,175.0,520.0,18.0,103.71,113.0,93.76,58.41,34.32,22.79,35.35,23.43,14.009,29.85,39.12,26.28,67.48,80.01
1203.0,187.0,144.0,173.0,500.0,22.0,108.08,118.0,94.11,58.42,31.29,21.0,35.69,24.52,14.899,27.18,37.86,24.76,69.35,79.3
1130.0,179.0,148.0,159.0,480.0,20.0,100.84,114.0,92.04,55.95,33.85,23.01,36.09,24.47,14.984,28.7,36.16,26.17,65.87,76.34
1242.0,191.0,163.0,171.0,517.0,23.5,103.93,125.0,92.26,53.65,34.36,23.66,38.61,27.92,15.447,31.01,43.27,19.66,72.6,79.6
1248.0,195.0,154.0,155.0,493.0,21.0,103.07,118.0,88.63,54.34,29.32,18.93,34.29,23.72,14.367,26.07,33.39,24.78,63.85,72.21
1215.0,186.0,149.0,163.0,487.0,21.0,110.04,116.0,95.85,56.28,32.8,22.18,39.57,27.65,13.988,29.69,35.58,20.94,74.91,85.21
1149.0,185.0,151.0,163.0,495.0,20.0,99.85,115.0,85.9,52.16,32.33,22.23,33.74,23.14,14.416,27.46,40.1,22.62,63.28,72.61
1264.0,188.0,155.0,177.0,519.0,24.5,105.81,121.0,94.59,59.6,31.59,20.97,34.99,24.8,12.827,30.08,45.7,26.15,68.44,78.18
1145.0,182.0,146.0,177.0,504.0,19.0,102.26,118.0,91.79,54.1,34.06,22.53,37.69,26.21,15.817,28.12,41.8,22.49,69.3,78.29
1173.0,192.0,163.0,176.0,525.0,21.0,107.07,122.0,89.95,55.75,33.27,19.16,34.2,22.47,14.142,27.3,38.79,22.46,67.49,75.68
1138.0,176.0,146.0,173.0,505.0,19.0,104.33,111.0,87.93,55.28,30.66,20.98,32.65,21.67,14.299,26.13,38.42,21.63,66.3,76.01
1185.0,186.0,148.0,177.0,524.0,20.5,104.47,120.0,91.7,55.59,33.24,22.58,36.11,22.45,16.419,27.06,43.33,22.32,69.38,78.71
1226.0,192.0,150.0,173.0,514.0,21.0,111.25,118.0,97.84,58.13,33.06,22.4,39.71,29.0,14.51,27.39,43.96,27.23,70.61,80.61
1168.0,170.0,138.0,174.0,499.0,18.5,97.88,113.0,90.19,55.85,26.93,18.82,34.34,23.66,13.883,26.8,32.14,25.01,65.18,73.84
1231.0,230.0,156.0,183.0,538.0,23.0,106.86,116.0,96.23,59.47,35.43,24.56,36.76,22.59,17.127,30.43,42.74,22.46,73.77,82.04
1189.0,180.0,146.0,173.0,500.0,20.0,116.02,116.0,102.25,61.02,31.86,20.5,41.23,30.59,13.169,27.78,37.08,28.91,73.34,81.77
1287.0,193.0,142.0,179.0,506.0,25.5,110.36,114.0,98.29,60.07,31.22,19.53,38.22,25.22,16.667,30.62,43.04,26.61,71.68,84.03
1281.0,198.0,155.0,173.0,528.0,31.0,119.83,123.0,102.01,64.42,35.15,23.75,37.59,26.36,14.6,27.19,43.73,26.21,75.8,84.7
1254.0,188.0,151.0,178.0,520.0,25.0,106.83,118.0,98.15,54.86,33.55,23.65,43.29,27.11,19.016,31.11,37.47,26.06,72.09,79.14
1203.0,199.0,146.0,175.0,515.0,23.5,115.01,116.0,102.25,63.62,31.86,21.56,38.63,24.5,16.372,28.84,39.12,25.79,76.46,85.25
678.0,155.0,129.0,147.0,440.0,8.5,89.96,97.0,78.78,49.65,29.81,19.54,29.13,18.44,12.734,25.12,30.71,22.39,56.39,63.03
