"Reach height, standing",Stature,"Eye height, standing","Elbow height, standing","Thigh clearance, sitting","Elbow height, sitting","Popliteal height, sitting","Eye height, sitting",Sitting height,Reach depth,Breadth over the elbows,Hip breadth,"Hip breadth, sitting",Chest depth,Elbow-grip length,Buttock-popliteal depth,"Buttock-knee depth, sitting","Buttock foot length, sitting",Hand length,Forefinger breadth,Hand width (with thumb),Hand thickness,Length pointing finger,Body mass,Maximum gripping force
2241.0,1885.0,1752.0,737.0,153.0,251.0,486.0,854.0,990.0,800.0,497.0,361.0,384.0,255.0,382.0,534.0,672.0,1134.0,196.0,18.0,108.0,34.0,79.0,87.0,48.0
2183.0,1841.0,1734.0,717.0,132.0,230.0,487.0,829.0,962.0,761.0,432.0,327.0,340.0,211.0,376.0,505.0,618.0,1110.0,188.0,17.0,104.0,29.0,75.0,69.0,50.0
2034.0,1706.0,1598.0,674.0,140.0,216.0,458.0,793.0,891.0,692.0,417.0,348.0,354.0,249.0,325.0,496.0,610.0,1130.0,176.0,12.0,93.0,23.0,69.0,64.0,32.0
2065.0,1775.0,1665.0,698.0,136.0,243.0,455.0,854.0,951.0,764.0,423.0,325.0,334.0,237.0,357.0,474.0,592.0,1058.0,188.0,16.0,108.0,29.0,77.0,68.0,54.0
2008.0,1703.0,1582.0,657.0,157.0,231.0,426.0,797.0,913.0,691.0,480.0,353.0,371.0,288.0,340.0,512.0,604.0,1026.0,181.0,14.0,95.0,25.0,68.0,70.0,36.0
2075.0,1722.0,1606.0,673.0,133.0,246.0,427.0,821.0,921.0,675.0,421.0,343.0,362.0,228.0,344.0,467.0,571.0,993.0,183.0,13.0,95.0,27.0,69.0,61.5,37.0
2107.0,1749.0,1634.0,675.0,119.0,206.0,469.0,764.0,874.0,776.0,377.0,335.0,347.0,250.0,333.0,548.0,650.0,1110.0,189.0,14.0,96.0,28.0,75.0,58.5,30.0
2093.0,1761.0,1650.0,693.0,148.0,225.0,468.0,792.0,907.0,717.0,450.0,369.0,368.0,252.0,349.0,517.0,623.0,1080.0,180.0,12.0,92.0,25.0,70.0,69.0,36.0
2028.0,1721.0,1603.0,656.0,142.0,188.0,468.0,743.0,870.0,713.0,450.0,325.0,342.0,260.0,360.0,510.0,615.0,1055.0,182.0,15.0,86.0,26.0,71.0,60.5,36.0
2170.0,1786.0,1662.0,697.0,136.0,229.0,468.0,826.0,934.0,790.0,451.0,333.0,336.0,211.0,379.0,490.0,628.0,1086.0,202.0,16.0,107.0,28.0,79.0,64.0,58.0
2150.0,1769.0,1649.0,625.0,148.0,157.0,468.0,753.0,883.0,778.0,487.0,325.0,347.0,244.0,380.0,521.0,644.0,1102.0,196.0,14.0,97.0,28.0,74.0,75.0,51.0
2124.0,1741.0,1642.0,656.0,164.0,216.0,440.0,757.0,889.0,742.0,441.0,372.0,393.0,270.0,365.0,550.0,650.0,1095.0,180.0,13.0,90.0,23.0,71.0,79.0,36.0
2130.0,1830.0,1710.0,678.0,133.0,182.0,496.0,788.0,921.0,765.0,466.0,321.0,340.0,242.0,368.0,505.0,636.0,1100.0,188.0,15.0,103.0,30.0,73.0,71.0,58.0
2306.0,1917.0,1792.0,765.0,138.0,247.0,518.0,849.0,974.0,815.0,467.0,360.0,355.0,227.0,394.0,540.0,674.0,1175.0,197.0,15.0,107.0,28.0,74.0,72.0,51.0
2131.0,1856.0,1735.0,710.0,118.0,202.0,508.0,843.0,962.0,763.0,410.0,319.0,325.0,226.0,370.0,502.0,632.0,1106.0,195.0,14.0,102.0,29.0,74.0,60.0,59.0
2229.0,1812.0,1675.0,645.0,129.0,235.0,410.0,812.0,952.0,810.0,429.0,333.0,337.0,190.0,366.0,500.0,624.0,1114.0,192.0,19.0,101.0,28.0,80.0,66.0,62.0
2306.0,1899.0,1750.0,728.0,129.0,213.0,515.0,840.0,956.0,822.0,451.0,367.0,365.0,227.0,363.0,550.0,665.0,1175.0,193.0,18.0,110.0,26.0,75.0,83.9,48.0
2173.0,1852.0,1717.0,776.0,140.0,276.0,500.0,841.0,955.0,793.0,397.0,301.0,312.0,208.0,363.0,520.0,623.0,1130.0,196.0,15.0,106.0,29.0,81.0,71.2,51.0
2163.0,1799.0,1683.0,766.0,128.0,286.0,480.0,828.0,934.0,760.0,428.0,306.0,346.0,251.0,367.0,470.0,590.0,1084.0,182.0,16.0,106.0,26.0,68.0,68.6,48.0
2348.0,1933.0,1796.0,768.0,130.0,228.0,540.0,867.0,974.0,849.0,437.0,344.0,359.0,214.0,395.0,535.0,655.0,1158.0,202.0,18.0,111.0,30.0,82.0,75.2,58.0
1986.0,1645.0,1529.0,666.0,117.0,226.0,440.0,758.0,874.0,723.0,356.0,314.0,329.0,195.0,329.0,450.0,561.0,983.0,180.0,14.0,90.0,25.0,71.0,53.1,34.0
2113.0,1756.0,1643.0,728.0,130.0,238.0,490.0,821.0,925.0,746.0,397.0,311.0,321.0,221.0,347.0,500.0,610.0,1066.0,185.0,15.0,102.0,29.0,70.0,60.9,44.0
2065.0,1713.0,1609.0,679.0,133.0,229.0,450.0,796.0,892.0,737.0,411.0,341.0,371.0,238.0,327.0,482.0,598.0,1032.0,183.0,13.0,92.0,24.0,70.0,63.9,44.0
2222.0,1843.0,1722.0,682.0,132.0,182.0,500.0,804.0,926.0,802.0,413.0,342.0,335.0,219.0,357.0,530.0,644.0,1155.0,192.0,15.0,101.0,28.0,73.0,67.6,45.0
2203.0,1826.0,1698.0,701.0,138.0,221.0,480.0,834.0,964.0,810.0,453.0,344.0,359.0,208.0,369.0,500.0,628.0,1090.0,189.0,15.0,107.0,30.0,72.0,69.8,57.0
2199.0,1855.0,1696.0,733.0,142.0,243.0,490.0,,,794.0,405.0,331.0,354.0,218.0,377.0,500.0,626.0,1109.0,195.0,15.0,103.0,30.0,82.0,70.3,54.0
1964.0,1640.0,1534.0,674.0,128.0,254.0,420.0,767.0,857.0,719.0,351.0,305.0,318.0,195.0,314.0,450.0,566.0,960.0,164.0,12.0,90.0,23.0,62.0,51.3,31.0
2214.0,1826.0,1695.0,712.0,140.0,217.0,495.0,809.0,917.0,756.0,466.0,340.0,363.0,205.0,370.0,505.0,638.0,1120.0,198.0,16.0,107.0,30.0,74.0,71.2,49.0
2214.0,1830.0,1709.0,714.0,137.0,219.0,495.0,816.0,940.0,791.0,425.0,321.0,335.0,217.0,373.0,515.0,660.0,1151.0,194.0,15.0,105.0,28.0,70.0,71.0,49.0
2115.0,1811.0,1675.0,750.0,121.0,248.0,502.0,826.0,961.0,700.0,444.0,313.0,335.0,236.0,302.0,481.0,606.0,1076.0,184.0,17.0,101.0,28.0,72.0,68.2,40.0
2203.0,1885.0,1742.0,735.0,141.0,206.0,529.0,830.0,965.0,785.0,426.0,351.0,348.0,238.0,376.0,515.0,650.0,1135.0,188.0,17.0,110.0,30.0,74.0,79.5,54.0
2114.0,1782.0,1655.0,728.0,132.0,247.0,481.0,820.0,942.0,729.0,414.0,350.0,351.0,210.0,356.0,503.0,627.0,1070.0,176.0,14.0,95.0,24.0,70.0,63.3,42.0
2197.0,1775.0,1658.0,674.0,149.0,185.0,489.0,788.0,897.0,756.0,455.0,351.0,359.0,269.0,364.0,535.0,653.0,1124.0,197.0,14.0,108.0,27.0,73.0,79.4,42.0
2167.0,1784.0,1665.0,684.0,138.0,237.0,447.0,828.0,950.0,806.0,432.0,337.0,351.0,224.0,348.0,491.0,628.0,1095.0,179.0,15.0,100.0,28.0,66.0,72.7,44.0
2160.0,1828.0,1670.0,736.0,134.0,240.0,496.0,832.0,969.0,770.0,446.0,340.0,343.0,217.0,365.0,492.0,654.0,1115.0,198.0,16.0,113.0,27.0,77.0,74.6,58.0
2045.0,1743.0,1622.0,726.0,138.0,264.0,462.0,790.0,916.0,693.0,430.0,319.0,341.0,222.0,339.0,489.0,590.0,1042.0,181.0,14.0,102.0,27.0,69.0,70.2,61.0
2252.0,1930.0,1789.0,755.0,128.0,247.0,508.0,860.0,995.0,807.0,460.0,353.0,360.0,224.0,304.0,544.0,678.0,1172.0,188.0,15.0,107.0,29.0,78.0,74.9,62.0
1970.0,1658.0,1538.0,612.0,148.0,170.0,442.0,697.0,841.0,723.0,470.0,347.0,376.0,264.0,325.0,526.0,624.0,1032.0,170.0,15.0,92.0,26.0,65.0,68.5,36.0
2224.0,1876.0,1737.0,760.0,143.0,263.0,497.0,843.0,975.0,759.0,461.0,329.0,338.0,216.0,378.0,520.0,652.0,1127.0,191.0,16.0,108.0,34.0,78.0,76.5,64.0
2224.0,1862.0,1704.0,752.0,144.0,250.0,502.0,844.0,986.0,804.0,452.0,340.0,350.0,223.0,360.0,492.0,619.0,1120.0,183.0,14.0,104.0,30.0,74.0,77.7,62.0
2145.0,1819.0,1670.0,708.0,146.0,248.0,460.0,869.0,979.0,742.0,424.0,336.0,339.0,223.0,351.0,500.0,625.0,1060.0,173.0,16.0,97.0,27.0,71.0,71.6,46.0
1922.0,1638.0,1525.0,668.0,127.0,242.0,426.0,748.0,872.0,677.0,384.0,302.0,327.0,207.0,331.0,467.0,587.0,976.0,163.0,14.0,89.0,26.0,65.0,55.4,32.0
2260.0,1887.0,1767.0,756.0,146.0,244.0,512.0,829.0,955.0,791.0,488.0,348.0,355.0,237.0,372.0,511.0,664.0,1182.0,187.0,16.0,110.0,28.0,68.0,78.9,52.0
2038.0,1721.0,1603.0,646.0,130.0,196.0,450.0,776.0,899.0,747.0,426.0,310.0,328.0,206.0,341.0,479.0,600.0,1035.0,174.0,18.0,97.0,29.0,67.0,61.5,51.0
1984.0,1656.0,1548.0,650.0,136.0,232.0,418.0,765.0,886.0,682.0,444.0,327.0,335.0,221.0,330.0,452.0,580.0,987.0,164.0,13.0,99.0,31.0,61.0,66.0,59.0
1721.0,1488.0,1385.0,601.0,113.0,214.0,387.0,655.0,782.0,638.0,374.0,290.0,308.0,206.0,319.0,428.0,523.0,877.0,164.0,11.0,84.0,25.0,63.0,43.4,39.0
2182.0,1809.0,1688.0,711.0,125.0,221.0,490.0,787.0,910.0,737.0,419.0,316.0,321.0,229.0,358.0,502.0,640.0,1149.0,190.0,15.0,103.0,28.0,74.0,61.5,52.0
2017.0,1689.0,1571.0,734.0,120.0,254.0,480.0,733.0,868.0,677.0,398.0,314.0,336.0,203.0,324.0,494.0,605.0,1036.0,175.0,12.0,82.0,22.0,68.0,54.5,38.0
2150.0,1815.0,1668.0,735.0,129.0,247.0,488.0,850.0,965.0,745.0,416.0,315.0,336.0,217.0,367.0,490.0,617.0,1074.0,195.0,16.0,108.0,29.0,77.0,67.5,48.0
2221.0,1811.0,1496.0,746.0,127.0,230.0,516.0,803.0,915.0,775.0,473.0,329.0,354.0,223.0,385.0,507.0,631.0,1100.0,186.0,15.0,105.0,28.0,74.0,67.6,52.0
2138.0,1744.0,1626.0,665.0,131.0,187.0,478.0,783.0,902.0,760.0,394.0,313.0,321.0,226.0,356.0,494.0,631.0,1103.0,186.0,14.0,102.0,27.0,73.0,62.0,58.0
2164.0,1775.0,1667.0,687.0,118.0,218.0,469.0,799.0,916.0,724.0,385.0,330.0,333.0,199.0,350.0,515.0,627.0,1059.0,185.0,14.0,104.0,27.0,76.0,61.5,54.0
2005.0,1685.0,1574.0,669.0,154.0,211.0,458.0,743.0,877.0,711.0,427.0,342.0,372.0,251.0,326.0,463.0,600.0,1037.0,173.0,13.0,91.0,24.0,71.0,69.3,36.0
2305.0,1930.0,1794.0,776.0,141.0,256.0,520.0,887.0,999.0,814.0,452.0,362.0,372.0,259.0,402.0,532.0,662.0,1166.0,211.0,15.0,105.0,27.0,79.0,81.7,52.0
2133.0,1811.0,1691.0,693.0,130.0,202.0,491.0,825.0,928.0,757.0,420.0,330.0,338.0,224.0,366.0,491.0,625.0,1047.0,200.0,15.0,102.0,28.0,76.0,63.7,63.0
2123.0,1806.0,1690.0,718.0,142.0,248.0,470.0,868.0,974.0,737.0,438.0,332.0,359.0,225.0,343.0,476.0,617.0,1062.0,187.0,12.0,94.0,26.0,71.0,70.5,39.0
2163.0,1762.0,1662.0,673.0,142.0,193.0,480.0,802.0,909.0,753.0,414.0,318.0,351.0,246.0,357.0,505.0,632.0,1102.0,188.0,14.0,103.0,29.0,72.0,69.2,40.0
2193.0,1825.0,1740.0,683.0,131.0,183.0,500.0,793.0,937.0,765.0,431.0,331.0,333.0,217.0,351.0,517.0,655.0,1132.0,190.0,15.0,103.0,28.0,75.0,73.5,56.0
2151.0,1817.0,1703.0,672.0,118.0,190.0,482.0,787.0,927.0,737.0,433.0,371.0,400.0,254.0,358.0,526.0,647.0,1091.0,197.0,14.0,99.0,27.0,79.0,73.7,42.0
1886.0,1645.0,1519.0,658.0,119.0,203.0,455.0,723.0,823.0,675.0,437.0,368.0,382.0,255.0,316.0,505.0,606.0,1008.0,161.0,13.0,88.0,26.0,65.0,63.5,37.0
2014.0,1705.0,1566.0,650.0,132.0,195.0,455.0,803.0,887.0,705.0,374.0,321.0,335.0,219.0,330.0,470.0,587.0,1010.0,182.0,14.0,92.0,25.0,73.0,55.5,40.0
2017.0,1695.0,1564.0,670.0,135.0,225.0,445.0,758.0,877.0,700.0,410.0,333.0,404.0,245.0,315.0,481.0,599.0,1017.0,168.0,13.0,90.0,25.0,66.0,65.2,35.0
2351.0,1910.0,1784.0,742.0,144.0,217.0,525.0,861.0,972.0,790.0,481.0,354.0,393.0,246.0,374.0,540.0,664.0,1143.0,193.0,16.0,105.0,28.0,74.0,80.3,50.0
2155.0,1797.0,1656.0,741.0,125.0,264.0,477.0,827.0,952.0,766.0,408.0,316.0,343.0,199.0,367.0,470.0,596.0,1062.0,193.0,15.0,103.0,30.0,76.0,62.9,50.0
2021.0,1775.0,1634.0,749.0,124.0,266.0,483.0,784.0,910.0,734.0,454.0,318.0,329.0,217.0,362.0,503.0,635.0,1096.0,183.0,14.0,103.0,26.0,71.0,63.9,46.0
2234.0,1876.0,1735.0,771.0,141.0,246.0,525.0,843.0,953.0,760.0,462.0,333.0,352.0,234.0,369.0,527.0,643.0,1131.0,195.0,16.0,108.0,26.0,76.0,75.6,52.0
2089.0,1770.0,1631.0,746.0,150.0,265.0,481.0,813.0,939.0,737.0,488.0,365.0,403.0,252.0,350.0,499.0,633.0,1083.0,176.0,16.0,98.0,28.0,69.0,85.8,47.0
2257.0,1886.0,1749.0,767.0,146.0,229.0,538.0,857.0,972.0,788.0,441.0,345.0,343.0,249.0,391.0,515.0,656.0,1150.0,195.0,15.0,100.0,30.0,74.0,79.4,53.0
2148.0,1815.0,1679.0,735.0,143.0,232.0,503.0,816.0,925.0,820.0,435.0,326.0,346.0,220.0,361.0,505.0,644.0,1152.0,188.0,15.0,102.0,28.0,74.0,70.3,52.0
2024.0,1711.0,1594.0,661.0,136.0,207.0,454.0,792.0,927.0,713.0,427.0,318.0,335.0,214.0,335.0,458.0,575.0,1014.0,172.0,15.0,98.0,27.0,68.0,63.8,48.0
2408.0,1984.0,1837.0,788.0,134.0,236.0,552.0,888.0,1015.0,847.0,417.0,356.0,379.0,228.0,398.0,539.0,691.0,1215.0,203.0,15.0,108.0,26.0,80.0,80.4,46.0
2163.0,1788.0,1655.0,770.0,140.0,280.0,490.0,818.0,952.0,747.0,426.0,333.0,339.0,215.0,356.0,483.0,623.0,1085.0,183.0,15.0,102.0,29.0,69.0,68.5,56.0
2295.0,1884.0,1758.0,729.0,150.0,212.0,517.0,863.0,976.0,821.0,435.0,356.0,358.0,241.0,383.0,541.0,664.0,1148.0,196.0,18.0,108.0,33.0,81.0,78.3,66.0
2302.0,1870.0,1732.0,748.0,123.0,233.0,515.0,848.0,962.0,777.0,390.0,343.0,347.0,227.0,383.0,516.0,667.0,1135.0,199.0,16.0,111.0,26.0,83.0,67.9,54.0
2026.0,1719.0,1596.0,685.0,134.0,214.0,471.0,768.0,899.0,761.0,403.0,315.0,334.0,219.0,324.0,475.0,616.0,1079.0,174.0,13.0,97.0,26.0,75.0,59.8,35.0
2274.0,1890.0,1756.0,775.0,125.0,260.0,515.0,868.0,995.0,802.0,424.0,353.0,347.0,211.0,380.0,520.0,649.0,1148.0,205.0,18.0,103.0,30.0,78.0,70.8,54.0
2178.0,1804.0,1669.0,680.0,167.0,200.0,480.0,827.0,922.0,760.0,487.0,355.0,380.0,251.0,358.0,512.0,643.0,1092.0,191.0,16.0,107.0,27.0,78.0,87.7,58.0
2105.0,1780.0,1665.0,1092.0,126.0,240.0,,804.0,930.0,702.0,436.0,358.0,406.0,225.0,348.0,525.0,625.0,1065.0,185.0,11.0,93.0,26.0,70.0,67.7,40.0
2273.0,1870.0,1723.0,758.0,135.0,238.0,520.0,837.0,973.0,769.0,427.0,347.0,358.0,227.0,363.0,492.0,635.0,1138.0,194.0,16.0,102.0,28.0,76.0,68.7,48.0
2111.0,1813.0,1684.0,721.0,124.0,221.0,500.0,804.0,931.0,736.0,426.0,335.0,352.0,217.0,346.0,520.0,638.0,1096.0,189.0,15.0,102.0,29.0,72.0,67.6,46.0
2209.0,1815.0,1677.0,717.0,127.0,215.0,502.0,804.0,924.0,776.0,438.0,321.0,337.0,234.0,374.0,492.0,635.0,1101.0,187.0,16.0,110.0,28.0,71.0,69.0,52.0
2163.0,1752.0,1635.0,702.0,126.0,217.0,485.0,778.0,897.0,756.0,449.0,323.0,356.0,237.0,359.0,500.0,625.0,1085.0,191.0,15.0,103.0,27.0,72.0,66.8,51.0
2092.0,1736.0,1621.0,670.0,140.0,186.0,484.0,751.0,872.0,764.0,449.0,338.0,358.0,231.0,353.0,506.0,655.0,1108.0,192.0,16.0,97.0,28.0,74.0,71.9,61.0
2093.0,1722.0,1608.0,697.0,130.0,227.0,470.0,804.0,908.0,701.0,345.0,352.0,361.0,231.0,341.0,500.0,611.0,1036.0,182.0,14.0,95.0,26.0,75.0,56.4,35.0
2160.0,1803.0,1673.0,701.0,137.0,219.0,482.0,769.0,908.0,745.0,470.0,376.0,416.0,238.0,339.0,550.0,667.0,1125.0,189.0,14.0,99.0,23.0,75.0,75.9,34.0
2575.0,2089.0,1918.0,824.0,136.0,250.0,574.0,906.0,1039.0,846.0,477.0,370.0,372.0,261.0,419.0,593.0,725.0,1265.0,223.0,17.0,112.0,31.0,91.0,88.3,60.0
2132.0,1779.0,1652.0,676.0,158.0,202.0,474.0,781.0,904.0,761.0,478.0,372.0,416.0,236.0,358.0,557.0,670.0,1111.0,182.0,14.0,97.0,27.0,71.0,81.4,46.0
2310.0,1913.0,1792.0,723.0,122.0,171.0,552.0,813.0,936.0,795.0,391.0,333.0,325.0,209.0,391.0,568.0,706.0,1214.0,196.0,16.0,104.0,27.0,77.0,64.8,58.0
2130.0,1808.0,1766.0,722.0,133.0,213.0,509.0,805.0,931.0,757.0,442.0,318.0,333.0,221.0,348.0,511.0,626.0,1097.0,188.0,17.0,99.0,27.0,71.0,69.0,44.0
2389.0,1930.0,1783.0,821.0,143.0,286.0,535.0,885.0,1004.0,788.0,386.0,338.0,349.0,231.0,392.0,535.0,646.0,1186.0,192.0,15.0,102.0,26.0,76.0,70.3,52.0
2194.0,1835.0,1715.0,738.0,127.0,251.0,487.0,836.0,963.0,785.0,407.0,332.0,339.0,206.0,385.0,484.0,618.0,1113.0,194.0,14.0,97.0,26.0,80.0,65.2,50.0
2005.0,1704.0,1589.0,746.0,132.0,285.0,461.0,801.0,915.0,662.0,420.0,332.0,319.0,208.0,343.0,453.0,579.0,992.0,174.0,17.0,96.0,28.0,66.0,61.5,42.0
2103.0,1739.0,1619.0,674.0,137.0,224.0,450.0,780.0,917.0,733.0,425.0,323.0,333.0,198.0,348.0,515.0,619.0,1055.0,178.0,14.0,104.0,26.0,73.0,64.5,42.0
2191.0,1848.0,1733.0,733.0,132.0,243.0,490.0,832.0,959.0,755.0,406.0,312.0,324.0,209.0,365.0,527.0,641.0,1092.0,186.0,14.0,103.0,26.0,71.0,66.3,55.0
2119.0,1764.0,1644.0,734.0,131.0,259.0,475.0,831.0,939.0,717.0,385.0,327.0,338.0,216.0,347.0,478.0,606.0,1054.0,200.0,13.0,116.0,26.0,79.0,66.0,54.0
2198.0,1851.0,1736.0,751.0,133.0,235.0,516.0,803.0,947.0,780.0,405.0,341.0,340.0,234.0,377.0,535.0,663.0,1136.0,193.0,13.0,102.0,29.0,76.0,70.7,50.0
2011.0,1680.0,1566.0,651.0,133.0,189.0,462.0,737.0,850.0,725.0,396.0,315.0,352.0,247.0,348.0,507.0,610.0,1045.0,189.0,13.0,94.0,24.0,78.0,64.1,40.0
2317.0,1894.0,1772.0,753.0,132.0,218.0,535.0,827.0,952.0,846.0,445.0,332.0,344.0,233.0,392.0,515.0,646.0,1164.0,203.0,14.0,104.0,27.0,77.0,70.7,44.0
2125.0,1790.0,1676.0,735.0,145.0,275.0,460.0,864.0,977.0,753.0,419.0,330.0,345.0,223.0,352.0,482.0,595.0,1025.0,187.0,14.0,106.0,28.0,74.0,73.4,52.0
2123.0,1821.0,1692.0,739.0,140.0,271.0,468.0,837.0,952.0,761.0,388.0,325.0,328.0,215.0,367.0,530.0,639.0,1135.0,186.0,13.0,100.0,25.0,71.0,68.4,46.0
1907.0,1588.0,1473.0,660.0,133.0,240.0,420.0,763.0,876.0,658.0,446.0,317.0,368.0,261.0,310.0,445.0,567.0,950.0,173.0,13.0,93.0,26.0,69.0,63.7,39.0
2138.0,1815.0,1677.0,685.0,130.0,188.0,497.0,786.0,918.0,760.0,433.0,337.0,350.0,239.0,354.0,517.0,638.0,1131.0,188.0,14.0,100.0,27.0,74.0,67.8,62.0
2023.0,1659.0,1540.0,644.0,106.0,184.0,460.0,751.0,863.0,685.0,353.0,287.0,316.0,235.0,320.0,459.0,575.0,1003.0,172.0,14.0,93.0,25.0,70.0,48.1,36.0
2230.0,1835.0,1689.0,682.0,136.0,197.0,485.0,815.0,957.0,770.0,423.0,331.0,346.0,233.0,367.0,521.0,647.0,1123.0,190.0,15.0,104.0,27.0,78.0,74.4,48.0
2265.0,1921.0,1766.0,783.0,151.0,273.0,510.0,894.0,1021.0,797.0,428.0,337.0,352.0,216.0,371.0,508.0,651.0,1138.0,200.0,17.0,107.0,31.0,72.0,76.7,59.0
2243.0,1864.0,1731.0,817.0,145.0,307.0,510.0,861.0,971.0,658.0,427.0,340.0,372.0,242.0,372.0,512.0,635.0,1127.0,200.0,17.0,105.0,27.0,76.0,76.9,50.0
2327.0,1920.0,1775.0,763.0,131.0,243.0,520.0,846.0,966.0,795.0,424.0,332.0,369.0,199.0,382.0,535.0,660.0,1194.0,208.0,15.0,110.0,32.0,78.0,73.8,47.0
2082.0,1711.0,1595.0,705.0,120.0,220.0,485.0,777.0,895.0,718.0,395.0,323.0,329.0,220.0,348.0,460.0,571.0,1060.0,177.0,16.0,102.0,31.0,67.0,59.1,62.0
2081.0,1728.0,1587.0,690.0,139.0,227.0,463.0,803.0,921.0,764.0,452.0,326.0,335.0,199.0,356.0,470.0,593.0,1011.0,187.0,17.0,106.0,29.0,73.0,65.9,46.0
2105.0,1659.0,1540.0,660.0,128.0,210.0,450.0,780.0,916.0,735.0,456.0,345.0,352.0,261.0,351.0,480.0,597.0,1021.0,181.0,13.0,96.0,25.0,72.0,70.6,58.0
2302.0,1858.0,1726.0,725.0,132.0,235.0,490.0,829.0,948.0,843.0,457.0,329.0,335.0,220.0,381.0,512.0,650.0,1112.0,198.0,15.0,104.0,31.0,80.0,71.0,63.0
2149.0,1773.0,1656.0,705.0,145.0,185.0,520.0,800.0,895.0,786.0,414.0,315.0,340.0,216.0,352.0,470.0,628.0,1079.0,186.0,15.0,92.0,24.0,74.0,61.6,33.0
2328.0,1870.0,1753.0,747.0,135.0,227.0,520.0,835.0,946.0,800.0,445.0,351.0,360.0,226.0,386.0,520.0,644.0,1147.0,207.0,16.0,112.0,32.0,82.0,72.7,48.0
2310.0,1951.0,1837.0,785.0,133.0,263.0,522.0,919.0,1001.0,798.0,405.0,346.0,335.0,233.0,393.0,537.0,650.0,1197.0,210.0,19.0,111.0,31.0,80.0,71.0,47.0
2061.0,1755.0,1629.0,693.0,136.0,211.0,482.0,817.0,910.0,715.0,421.0,335.0,355.0,238.0,346.0,522.0,633.0,1085.0,176.0,15.0,90.0,24.0,66.0,64.7,33.0
2030.0,1724.0,1605.0,697.0,135.0,225.0,472.0,765.0,873.0,717.0,460.0,338.0,350.0,238.0,370.0,508.0,620.0,1065.0,170.0,14.0,91.0,25.0,64.0,64.6,28.0
2293.0,1888.0,1745.0,749.0,135.0,229.0,520.0,840.0,965.0,814.0,441.0,345.0,346.0,249.0,376.0,525.0,665.0,1180.0,199.0,18.0,111.0,30.0,79.0,76.2,49.0
2183.0,1780.0,1657.0,743.0,135.0,248.0,495.0,799.0,928.0,784.0,429.0,328.0,367.0,248.0,372.0,478.0,604.0,1120.0,197.0,14.0,104.0,24.0,76.0,71.5,49.0
2071.0,1752.0,1602.0,690.0,128.0,225.0,465.0,788.0,917.0,747.0,402.0,320.0,346.0,220.0,339.0,486.0,619.0,1078.0,188.0,14.0,109.0,25.0,75.0,66.4,54.0
2183.0,1780.0,1642.0,695.0,156.0,239.0,456.0,848.0,950.0,760.0,420.0,335.0,352.0,234.0,343.0,513.0,626.0,1062.0,194.0,15.0,113.0,28.0,80.0,78.2,74.0
2188.0,1848.0,1708.0,727.0,139.0,235.0,492.0,833.0,949.0,773.0,414.0,337.0,353.0,225.0,372.0,512.0,640.0,1115.0,201.0,16.0,106.0,29.0,82.0,74.7,62.0
2241.0,1811.0,1693.0,706.0,128.0,217.0,489.0,805.0,937.0,746.0,404.0,319.0,338.0,217.0,349.0,505.0,618.0,1121.0,174.0,14.0,99.0,24.0,69.0,60.6,51.0
2321.0,1902.0,1767.0,762.0,137.0,237.0,525.0,874.0,989.0,838.0,421.0,333.0,352.0,209.0,382.0,524.0,664.0,1148.0,211.0,16.0,111.0,28.0,84.0,75.1,67.0
2206.0,1847.0,1707.0,723.0,147.0,203.0,520.0,797.0,919.0,798.0,463.0,366.0,370.0,238.0,358.0,517.0,660.0,1134.0,197.0,14.0,101.0,29.0,77.0,78.8,51.0
1999.0,1655.0,1532.0,667.0,115.0,222.0,445.0,760.0,874.0,701.0,367.0,318.0,354.0,220.0,326.0,466.0,567.0,974.0,174.0,12.0,89.0,23.0,69.0,51.0,39.0
2154.0,1773.0,1651.0,682.0,131.0,207.0,475.0,805.0,930.0,762.0,424.0,336.0,345.0,219.0,359.0,492.0,606.0,1039.0,182.0,14.0,101.0,28.0,77.0,64.1,47.0
2075.0,1760.0,1649.0,709.0,140.0,257.0,452.0,817.0,927.0,709.0,383.0,335.0,377.0,236.0,330.0,501.0,608.0,1038.0,174.0,12.0,92.0,23.0,68.0,66.6,34.0
2162.0,1806.0,1692.0,708.0,122.0,233.0,475.0,827.0,943.0,785.0,415.0,324.0,356.0,220.0,363.0,505.0,633.0,1099.0,173.0,14.0,96.0,27.0,66.0,67.5,48.0
2053.0,1715.0,1580.0,637.0,115.0,174.0,463.0,777.0,913.0,759.0,401.0,316.0,328.0,213.0,347.0,480.0,601.0,1009.0,182.0,12.0,96.0,28.0,71.0,57.9,42.0
2169.0,1793.0,1687.0,708.0,120.0,198.0,510.0,829.0,924.0,761.0,438.0,337.0,338.0,221.0,360.0,477.0,615.0,1085.0,196.0,14.0,103.0,26.0,75.0,59.2,52.0
2145.0,1758.0,1664.0,718.0,123.0,234.0,484.0,810.0,922.0,788.0,400.0,311.0,300.0,196.0,355.0,501.0,622.0,1095.0,181.0,15.0,102.0,26.0,68.0,62.5,50.0
2145.0,1815.0,1688.0,747.0,143.0,259.0,488.0,830.0,945.0,727.0,425.0,322.0,320.0,210.0,346.0,508.0,619.0,1086.0,185.0,13.0,102.0,26.0,75.0,67.6,54.0
2042.0,1739.0,1610.0,719.0,124.0,254.0,465.0,826.0,932.0,723.0,435.0,315.0,324.0,235.0,344.0,458.0,586.0,1012.0,188.0,16.0,107.0,27.0,73.0,63.6,52.0
2042.0,1725.0,1598.0,713.0,144.0,264.0,449.0,785.0,910.0,712.0,420.0,356.0,366.0,253.0,338.0,503.0,610.0,1064.0,187.0,15.0,102.0,26.0,72.0,70.0,47.0
1954.0,1602.0,1506.0,668.0,124.0,245.0,423.0,774.0,863.0,656.0,380.0,320.0,314.0,222.0,323.0,457.0,569.0,969.0,173.0,13.0,91.0,23.0,65.0,52.5,34.0
2205.0,1879.0,1755.0,770.0,132.0,270.0,500.0,896.0,1014.0,803.0,416.0,331.0,337.0,230.0,436.0,474.0,600.0,1075.0,202.0,16.0,113.0,28.0,81.0,71.3,74.0
1999.0,1710.0,1593.0,696.0,123.0,225.0,471.0,803.0,914.0,713.0,379.0,332.0,336.0,210.0,328.0,472.0,590.0,1013.0,180.0,14.0,98.0,25.0,69.0,59.7,34.0
2140.0,1812.0,1700.0,696.0,160.0,227.0,469.0,875.0,960.0,771.0,499.0,381.0,388.0,247.0,357.0,486.0,633.0,1141.0,190.0,16.0,110.0,29.0,70.0,91.8,54.0
2218.0,1906.0,1755.0,773.0,152.0,289.0,484.0,911.0,1033.0,784.0,470.0,366.0,378.0,260.0,375.0,496.0,640.0,1117.0,197.0,17.0,112.0,31.0,78.0,91.7,54.0
2035.0,1724.0,1606.0,716.0,135.0,273.0,443.0,843.0,949.0,701.0,414.0,307.0,330.0,220.0,329.0,445.0,575.0,991.0,180.0,15.0,101.0,27.0,67.0,60.1,51.0
2041.0,1670.0,1549.0,667.0,125.0,222.0,445.0,743.0,859.0,694.0,420.0,349.0,374.0,226.0,331.0,492.0,584.0,1009.0,171.0,14.0,90.0,27.0,69.0,60.3,46.0
2013.0,1719.0,1582.0,693.0,138.0,263.0,430.0,810.0,927.0,685.0,375.0,354.0,398.0,237.0,313.0,463.0,578.0,992.0,172.0,13.0,90.0,24.0,66.0,63.2,38.0
2136.0,1773.0,1670.0,706.0,142.0,216.0,490.0,817.0,928.0,787.0,428.0,346.0,343.0,224.0,355.0,487.0,624.0,1136.0,198.0,17.0,107.0,30.0,76.0,69.2,54.0
1985.0,1668.0,1553.0,619.0,139.0,174.0,445.0,734.0,864.0,737.0,446.0,341.0,341.0,235.0,354.0,479.0,603.0,1026.0,180.0,15.0,103.0,28.0,71.0,66.7,57.0
2132.0,1799.0,1680.0,722.0,162.0,236.0,486.0,860.0,957.0,759.0,509.0,381.0,388.0,249.0,351.0,505.0,633.0,1086.0,188.0,16.0,116.0,26.0,74.0,91.9,51.0
2131.0,1764.0,1654.0,733.0,144.0,243.0,490.0,819.0,921.0,773.0,402.0,332.0,333.0,209.0,333.0,477.0,595.0,1054.0,186.0,15.0,101.0,27.0,73.0,66.6,58.0
2141.0,1776.0,1651.0,691.0,145.0,204.0,487.0,837.0,936.0,769.0,442.0,330.0,346.0,238.0,346.0,483.0,626.0,1096.0,197.0,15.0,106.0,28.0,76.0,77.0,63.0
1943.0,1654.0,1535.0,663.0,146.0,233.0,430.0,774.0,910.0,706.0,451.0,355.0,372.0,262.0,334.0,478.0,610.0,1014.0,182.0,14.0,96.0,24.0,71.0,69.3,40.0
2111.0,1756.0,1639.0,665.0,138.0,202.0,463.0,803.0,927.0,754.0,438.0,328.0,336.0,228.0,344.0,483.0,593.0,1020.0,190.0,16.0,98.0,26.0,73.0,66.4,40.0
2240.0,1863.0,1742.0,741.0,137.0,246.0,495.0,875.0,982.0,801.0,425.0,350.0,354.0,221.0,377.0,486.0,624.0,1105.0,204.0,14.0,103.0,28.0,78.0,64.8,48.0
2214.0,1842.0,1721.0,705.0,139.0,200.0,505.0,830.0,948.0,806.0,460.0,336.0,348.0,242.0,372.0,510.0,640.0,1118.0,194.0,16.0,113.0,31.0,76.0,72.7,64.0
2296.0,1855.0,1734.0,769.0,144.0,243.0,526.0,845.0,950.0,798.0,429.0,334.0,349.0,249.0,373.0,524.0,665.0,1143.0,208.0,16.0,109.0,32.0,81.0,72.2,48.0
2189.0,1830.0,1703.0,741.0,166.0,256.0,485.0,860.0,966.0,751.0,488.0,363.0,386.0,283.0,364.0,497.0,648.0,1103.0,187.0,,104.0,27.0,74.0,93.7,69.0
2177.0,1804.0,1702.0,701.0,137.0,229.0,472.0,810.0,923.0,760.0,452.0,354.0,360.0,235.0,360.0,499.0,616.0,1107.0,196.0,16.0,108.0,27.0,75.0,74.0,64.0
2140.0,1804.0,1677.0,740.0,150.0,270.0,470.0,846.0,974.0,704.0,440.0,338.0,353.0,252.0,339.0,482.0,618.0,1070.0,183.0,16.0,111.0,27.0,71.0,75.8,54.0
2190.0,1780.0,1661.0,704.0,153.0,234.0,470.0,815.0,936.0,791.0,405.0,322.0,328.0,239.0,345.0,470.0,601.0,1042.0,193.0,18.0,110.0,26.0,75.0,71.5,62.0
2262.0,1861.0,1738.0,761.0,150.0,236.0,525.0,832.0,958.0,760.0,414.0,342.0,348.0,234.0,371.0,511.0,661.0,1135.0,195.0,12.0,109.0,23.0,78.0,73.0,58.0
2077.0,1717.0,1612.0,686.0,137.0,224.0,462.0,737.0,853.0,763.0,372.0,318.0,339.0,235.0,328.0,508.0,620.0,1079.0,171.0,11.0,91.0,19.0,69.0,63.1,32.0
2065.0,1712.0,1581.0,726.0,140.0,264.0,462.0,782.0,887.0,683.0,407.0,336.0,332.0,221.0,337.0,468.0,597.0,1032.0,179.0,13.0,92.0,22.0,74.0,61.9,27.0
2219.0,1834.0,1704.0,745.0,146.0,243.0,502.0,833.0,957.0,746.0,443.0,332.0,346.0,230.0,353.0,516.0,636.0,1106.0,193.0,15.0,98.0,25.0,73.0,75.7,56.0
2040.0,1720.0,1606.0,731.0,159.0,266.0,465.0,808.0,912.0,711.0,400.0,321.0,330.0,240.0,321.0,476.0,606.0,1029.0,181.0,14.0,91.0,22.0,73.0,66.8,34.0
2133.0,1793.0,1671.0,734.0,126.0,234.0,500.0,794.0,905.0,717.0,411.0,298.0,300.0,229.0,367.0,500.0,628.0,1076.0,196.0,16.0,103.0,27.0,76.0,60.6,56.0
2320.0,1900.0,1774.0,1186.0,134.0,272.0,,856.0,980.0,803.0,429.0,358.0,359.0,195.0,365.0,496.0,623.0,,206.0,20.0,113.0,29.0,78.0,71.2,61.0
2136.0,1738.0,1632.0,679.0,119.0,199.0,480.0,794.0,909.0,719.0,351.0,306.0,291.0,202.0,328.0,473.0,593.0,1041.0,180.0,20.0,102.0,26.0,65.0,50.5,49.0
2121.0,1730.0,1624.0,666.0,132.0,191.0,475.0,754.0,872.0,710.0,402.0,313.0,307.0,208.0,345.0,485.0,621.0,1050.0,188.0,16.0,96.0,26.0,77.0,56.4,44.0
2329.0,1890.0,1764.0,809.0,143.0,279.0,530.0,874.0,992.0,900.0,402.0,336.0,340.0,246.0,398.0,494.0,639.0,1136.0,210.0,14.0,114.0,28.0,92.0,76.0,75.0
2040.0,1744.0,1623.0,737.0,148.0,279.0,458.0,823.0,943.0,656.0,362.0,324.0,343.0,237.0,340.0,465.0,579.0,1004.0,184.0,12.0,96.0,21.0,72.0,60.2,34.0
2046.0,1653.0,1537.0,680.0,154.0,230.0,450.0,747.0,863.0,698.0,381.0,318.0,340.0,216.0,299.0,480.0,587.0,1006.0,174.0,15.0,87.0,20.0,69.0,60.2,32.0
2075.0,1724.0,1609.0,695.0,141.0,227.0,468.0,761.0,882.0,683.0,362.0,318.0,326.0,236.0,331.0,514.0,638.0,1096.0,177.0,13.0,97.0,24.0,73.0,58.5,35.0
2045.0,1685.0,1566.0,682.0,150.0,210.0,472.0,741.0,860.0,700.0,401.0,325.0,335.0,227.0,330.0,490.0,611.0,1045.0,185.0,11.0,92.0,20.0,74.0,62.4,34.0
2269.0,1798.0,1679.0,718.0,140.0,203.0,515.0,784.0,905.0,755.0,438.0,333.0,327.0,243.0,370.0,512.0,642.0,1122.0,201.0,16.0,105.0,,79.0,69.0,64.0
2235.0,1820.0,1703.0,744.0,138.0,234.0,510.0,800.0,939.0,743.0,390.0,337.0,329.0,211.0,378.0,504.0,655.0,1116.0,187.0,15.0,104.0,23.0,73.0,69.9,49.0
2354.0,1963.0,1833.0,795.0,159.0,245.0,550.0,870.0,994.0,813.0,438.0,347.0,364.0,259.0,383.0,559.0,693.0,1206.0,210.0,14.0,109.0,22.0,82.0,78.2,56.0
2057.0,1709.0,1591.0,690.0,150.0,235.0,455.0,784.0,908.0,712.0,453.0,329.0,345.0,218.0,343.0,481.0,596.0,1013.0,182.0,16.0,103.0,23.0,74.0,66.1,42.0
2005.0,1693.0,1577.0,712.0,134.0,237.0,475.0,740.0,856.0,672.0,371.0,326.0,324.0,202.0,330.0,491.0,610.0,1045.0,175.0,12.0,91.0,19.0,70.0,55.8,33.0
2258.0,1861.0,1730.0,706.0,140.0,213.0,493.0,811.0,945.0,734.0,400.0,324.0,319.0,217.0,375.0,527.0,675.0,1150.0,196.0,14.0,108.0,26.0,77.0,68.3,53.0
2112.0,1817.0,1686.0,710.0,154.0,210.0,500.0,819.0,943.0,759.0,438.0,362.0,373.0,239.0,349.0,497.0,645.0,1130.0,192.0,12.0,104.0,23.0,70.0,82.7,38.0
1986.0,1663.0,1542.0,695.0,130.0,258.0,437.0,764.0,875.0,648.0,340.0,307.0,321.0,195.0,316.0,468.0,590.0,1000.0,174.0,11.0,80.0,18.0,67.0,50.3,26.0
2122.0,1755.0,1632.0,750.0,169.0,295.0,455.0,806.0,938.0,738.0,548.0,364.0,397.0,311.0,367.0,499.0,643.0,1082.0,190.0,15.0,117.0,18.0,71.0,107.4,50.0
2071.0,1737.0,1605.0,744.0,147.0,299.0,445.0,816.0,945.0,665.0,390.0,311.0,355.0,238.0,317.0,487.0,607.0,1025.0,173.0,13.0,89.0,22.0,66.0,63.5,34.0
2235.0,1838.0,1721.0,763.0,140.0,256.0,507.0,839.0,956.0,742.0,429.0,335.0,348.0,216.0,374.0,492.0,618.0,1072.0,198.0,13.0,98.0,23.0,73.0,69.3,59.0
2258.0,1846.0,1730.0,743.0,140.0,238.0,505.0,854.0,974.0,775.0,448.0,322.0,341.0,240.0,369.0,478.0,639.0,1108.0,201.0,15.0,104.0,24.0,77.0,76.3,54.0
2156.0,1774.0,1643.0,704.0,128.0,219.0,485.0,804.0,917.0,725.0,388.0,312.0,313.0,205.0,329.0,473.0,601.0,1061.0,188.0,14.0,96.0,27.0,75.0,60.5,52.0
2119.0,1781.0,1658.0,710.0,143.0,220.0,490.0,819.0,930.0,724.0,436.0,338.0,336.0,237.0,348.0,492.0,629.0,1090.0,189.0,16.0,99.0,26.0,78.0,73.2,40.0
2180.0,1789.0,1665.0,718.0,146.0,250.0,468.0,838.0,,737.0,448.0,355.0,353.0,235.0,352.0,488.0,633.0,1073.0,198.0,17.0,107.0,28.0,77.0,79.2,55.0
2156.0,1756.0,1641.0,753.0,142.0,263.0,490.0,825.0,,745.0,433.0,312.0,327.0,214.0,347.0,450.0,591.0,1028.0,183.0,16.0,106.0,28.0,69.0,68.3,51.0
2241.0,1863.0,1735.0,742.0,144.0,232.0,510.0,839.0,965.0,789.0,418.0,343.0,337.0,226.0,380.0,524.0,658.0,1130.0,192.0,16.0,108.0,29.0,77.0,75.0,62.0
2059.0,1759.0,1632.0,703.0,148.0,233.0,470.0,792.0,931.0,672.0,431.0,328.0,338.0,230.0,331.0,487.0,626.0,1059.0,176.0,15.0,94.0,26.0,72.0,71.5,39.0
2153.0,1794.0,1668.0,732.0,145.0,240.0,492.0,807.0,926.0,741.0,452.0,341.0,342.0,219.0,374.0,503.0,637.0,1083.0,190.0,17.0,111.0,29.0,75.0,74.3,62.0
2008.0,1707.0,1586.0,656.0,145.0,181.0,475.0,742.0,864.0,689.0,422.0,307.0,306.0,241.0,344.0,456.0,600.0,1053.0,178.0,16.0,95.0,25.0,68.0,62.9,42.0
2116.0,1777.0,1647.0,765.0,135.0,313.0,452.0,860.0,979.0,687.0,397.0,326.0,325.0,219.0,353.0,452.0,582.0,1024.0,192.0,16.0,98.0,25.0,75.0,64.0,49.0
2083.0,1732.0,1619.0,683.0,149.0,236.0,447.0,813.0,922.0,685.0,430.0,353.0,359.0,230.0,336.0,495.0,604.0,1022.0,174.0,15.0,102.0,24.0,68.0,64.6,44.0
2080.0,1728.0,1617.0,702.0,148.0,262.0,440.0,799.0,916.0,655.0,439.0,339.0,320.0,215.0,334.0,487.0,607.0,1013.0,184.0,14.0,100.0,27.0,76.0,66.7,45.0
2100.0,1780.0,1663.0,716.0,148.0,246.0,470.0,790.0,917.0,695.0,370.0,328.0,360.0,227.0,335.0,500.0,606.0,1047.0,181.0,13.0,84.0,22.0,70.0,61.9,36.0
2225.0,1816.0,1697.0,720.0,145.0,210.0,510.0,817.0,943.0,825.0,416.0,353.0,357.0,233.0,371.0,491.0,629.0,1114.0,190.0,15.0,101.0,25.0,71.0,75.5,59.0
2206.0,1807.0,1677.0,719.0,130.0,234.0,485.0,813.0,965.0,803.0,364.0,315.0,316.0,163.0,364.0,493.0,615.0,1077.0,186.0,14.0,96.0,25.0,71.0,54.1,37.0
2383.0,1897.0,1775.0,756.0,150.0,231.0,525.0,835.0,952.0,777.0,414.0,366.0,351.0,220.0,371.0,527.0,660.0,1191.0,199.0,14.0,97.0,27.0,78.0,73.0,46.0
2045.0,1693.0,1574.0,693.0,156.0,246.0,447.0,794.0,913.0,725.0,392.0,325.0,337.0,243.0,314.0,470.0,580.0,993.0,172.0,12.0,101.0,24.0,62.0,67.5,44.0
2233.0,1822.0,1689.0,736.0,142.0,226.0,510.0,823.0,953.0,757.0,444.0,319.0,323.0,233.0,374.0,493.0,632.0,1120.0,191.0,15.0,110.0,30.0,79.0,72.8,66.0
2195.0,1847.0,1737.0,773.0,133.0,273.0,500.0,866.0,980.0,719.0,448.0,345.0,341.0,214.0,371.0,494.0,621.0,1090.0,200.0,15.0,107.0,28.0,76.0,72.0,54.0
1963.0,1655.0,1539.0,669.0,129.0,237.0,432.0,778.0,899.0,701.0,423.0,308.0,317.0,204.0,328.0,445.0,562.0,964.0,180.0,15.0,94.0,28.0,70.0,55.3,61.0
2116.0,1750.0,1639.0,715.0,145.0,259.0,456.0,823.0,934.0,706.0,398.0,331.0,332.0,324.0,339.0,485.0,614.0,1058.0,182.0,16.0,101.0,27.0,75.0,62.6,41.0
2265.0,1828.0,1714.0,724.0,142.0,234.0,490.0,821.0,959.0,740.0,423.0,318.0,323.0,224.0,355.0,505.0,634.0,1078.0,187.0,15.0,105.0,,71.0,68.0,58.0
2296.0,1878.0,1751.0,770.0,148.0,230.0,540.0,838.0,960.0,771.0,464.0,353.0,359.0,235.0,384.0,507.0,636.0,1175.0,201.0,14.0,112.0,30.0,82.0,76.7,68.0
2125.0,1824.0,1684.0,742.0,158.0,260.0,482.0,851.0,972.0,781.0,490.0,370.0,394.0,260.0,347.0,516.0,648.0,1115.0,195.0,15.0,107.0,30.0,77.0,92.0,59.0
2312.0,1932.0,1804.0,763.0,145.0,233.0,530.0,868.0,995.0,830.0,419.0,347.0,327.0,233.0,380.0,535.0,682.0,1144.0,211.0,15.0,108.0,27.0,80.0,73.0,60.0
2132.0,1770.0,1646.0,677.0,146.0,200.0,477.0,779.0,900.0,741.0,432.0,341.0,351.0,245.0,348.0,522.0,627.0,1060.0,184.0,14.0,93.0,28.0,73.0,70.9,52.0
2062.0,1745.0,1619.0,710.0,132.0,265.0,445.0,814.0,931.0,702.0,436.0,319.0,322.0,216.0,326.0,452.0,574.0,1010.0,183.0,15.0,97.0,25.0,70.0,61.9,50.0
2233.0,1836.0,1706.0,703.0,143.0,213.0,490.0,802.0,932.0,801.0,424.0,339.0,343.0,213.0,368.0,503.0,647.0,1106.0,191.0,16.0,102.0,28.0,74.0,76.7,42.0
2277.0,1901.0,1781.0,783.0,148.0,278.0,505.0,861.0,995.0,768.0,454.0,363.0,364.0,260.0,366.0,519.0,668.0,1122.0,201.0,15.0,105.0,30.0,76.0,87.0,67.0
2227.0,1818.0,1715.0,725.0,152.0,235.0,490.0,830.0,945.0,753.0,456.0,339.0,357.0,245.0,368.0,510.0,628.0,1088.0,194.0,15.0,107.0,27.0,78.0,75.0,50.0
2087.0,1725.0,1617.0,709.0,138.0,239.0,470.0,746.0,859.0,700.0,362.0,295.0,300.0,212.0,339.0,490.0,620.0,1090.0,185.0,12.0,94.0,23.0,78.0,52.8,36.0
2053.0,1719.0,1594.0,725.0,147.0,268.0,457.0,814.0,937.0,705.0,429.0,343.0,344.0,226.0,340.0,463.0,574.0,995.0,180.0,14.0,106.0,29.0,73.0,67.7,70.0
2255.0,1858.0,1737.0,772.0,140.0,276.0,496.0,867.0,1000.0,784.0,410.0,338.0,324.0,219.0,382.0,494.0,653.0,1114.0,200.0,14.0,103.0,27.0,77.0,68.8,76.0
2222.0,1825.0,1699.0,736.0,146.0,231.0,505.0,833.0,947.0,770.0,432.0,353.0,358.0,217.0,353.0,499.0,634.0,1117.0,188.0,18.0,105.0,28.0,67.0,74.9,64.0
2118.0,1810.0,1684.0,766.0,140.0,281.0,485.0,827.0,972.0,720.0,424.0,318.0,336.0,235.0,349.0,479.0,620.0,1120.0,182.0,16.0,112.0,29.0,67.0,71.5,48.0
2285.0,1888.0,1769.0,775.0,156.0,260.0,515.0,853.0,972.0,777.0,428.0,360.0,356.0,263.0,385.0,548.0,692.0,1178.0,196.0,19.0,113.0,28.0,77.0,84.3,58.0
2249.0,1835.0,1701.0,753.0,134.0,253.0,500.0,842.0,970.0,767.0,400.0,336.0,336.0,201.0,369.0,498.0,632.0,1102.0,196.0,17.0,107.0,28.0,75.0,67.0,46.0
2277.0,1872.0,1747.0,728.0,137.0,213.0,515.0,819.0,946.0,764.0,441.0,334.0,352.0,229.0,380.0,535.0,662.0,1213.0,200.0,17.0,115.0,31.0,77.0,74.9,56.0
2000.0,1680.0,1568.0,621.0,165.0,184.0,437.0,730.0,846.0,663.0,427.0,338.0,358.0,250.0,342.0,528.0,632.0,1045.0,168.0,13.0,90.0,23.0,64.0,69.1,32.0
2110.0,1769.0,1654.0,688.0,137.0,208.0,480.0,782.0,905.0,739.0,412.0,327.0,339.0,220.0,348.0,510.0,630.0,1073.0,182.0,16.0,92.0,28.0,70.0,65.1,42.0
1918.0,1592.0,1478.0,615.0,140.0,201.0,414.0,714.0,838.0,637.0,365.0,329.0,331.0,220.0,304.0,449.0,574.0,958.0,168.0,15.0,98.0,27.0,66.0,56.7,40.0
2000.0,1655.0,1537.0,641.0,152.0,226.0,415.0,779.0,889.0,696.0,373.0,365.0,375.0,273.0,306.0,429.0,598.0,993.0,170.0,14.0,92.0,26.0,66.0,63.4,30.0
2144.0,1764.0,1645.0,695.0,153.0,235.0,460.0,819.0,931.0,748.0,460.0,360.0,369.0,240.0,350.0,497.0,626.0,1080.0,188.0,18.0,99.0,29.0,74.0,74.7,44.0
2044.0,1681.0,1551.0,663.0,186.0,236.0,427.0,764.0,884.0,658.0,468.0,392.0,410.0,283.0,305.0,507.0,630.0,1038.0,172.0,13.0,99.0,27.0,68.0,87.7,39.0
2193.0,1835.0,1710.0,743.0,148.0,253.0,490.0,848.0,969.0,736.0,470.0,349.0,358.0,240.0,345.0,497.0,630.0,1104.0,195.0,16.0,108.0,30.0,70.0,78.8,63.0
2391.0,1903.0,1789.0,741.0,141.0,209.0,532.0,825.0,964.0,789.0,443.0,336.0,340.0,218.0,389.0,548.0,704.0,1215.0,202.0,15.0,108.0,29.0,80.0,77.5,56.0
2083.0,1723.0,1594.0,684.0,138.0,229.0,455.0,800.0,930.0,662.0,439.0,325.0,325.0,215.0,330.0,469.0,594.0,1004.0,188.0,19.0,108.0,31.0,71.0,67.7,60.0
2083.0,1745.0,1634.0,700.0,155.0,230.0,470.0,795.0,903.0,739.0,438.0,393.0,378.0,247.0,337.0,498.0,629.0,1065.0,178.0,13.0,92.0,24.0,71.0,77.4,32.0
2226.0,1845.0,1723.0,771.0,139.0,279.0,492.0,866.0,984.0,746.0,460.0,353.0,364.0,222.0,364.0,481.0,609.0,1058.0,191.0,18.0,108.0,30.0,78.0,70.7,55.0
2127.0,1753.0,1632.0,719.0,145.0,247.0,472.0,790.0,914.0,702.0,398.0,317.0,327.0,229.0,325.0,498.0,624.0,1071.0,186.0,14.0,97.0,25.0,71.0,63.4,40.0
2313.0,1863.0,1749.0,745.0,120.0,210.0,535.0,833.0,958.0,807.0,387.0,341.0,322.0,191.0,382.0,520.0,650.0,1169.0,197.0,14.0,101.0,26.0,73.0,61.1,51.0
2206.0,1823.0,1695.0,703.0,168.0,235.0,468.0,815.0,929.0,728.0,417.0,366.0,379.0,277.0,358.0,560.0,680.0,1138.0,198.0,14.0,98.0,25.0,78.0,84.4,40.0
2141.0,1785.0,1668.0,727.0,133.0,242.0,485.0,814.0,925.0,731.0,439.0,334.0,334.0,258.0,356.0,479.0,630.0,1094.0,186.0,15.0,108.0,29.0,72.0,66.2,50.0
2195.0,1800.0,1680.0,724.0,129.0,234.0,490.0,826.0,945.0,756.0,424.0,328.0,348.0,214.0,355.0,475.0,599.0,1048.0,191.0,17.0,105.0,30.0,75.0,64.8,50.0
2020.0,1680.0,1572.0,685.0,142.0,245.0,440.0,765.0,880.0,628.0,420.0,343.0,364.0,254.0,308.0,483.0,609.0,1023.0,170.0,15.0,97.0,23.0,71.0,65.7,34.0
2411.0,1985.0,1858.0,810.0,156.0,255.0,555.0,895.0,1011.0,796.0,453.0,373.0,380.0,233.0,391.0,525.0,679.0,1205.0,208.0,18.0,111.0,30.0,80.0,89.0,66.0
2256.0,1868.0,1760.0,778.0,138.0,266.0,512.0,869.0,984.0,748.0,438.0,338.0,358.0,233.0,372.0,513.0,638.0,1118.0,195.0,15.0,102.0,26.0,76.0,70.4,46.0
2193.0,1820.0,1688.0,744.0,138.0,222.0,522.0,805.0,937.0,772.0,446.0,338.0,335.0,210.0,366.0,494.0,648.0,1123.0,185.0,15.0,105.0,29.0,72.0,71.2,54.0
2298.0,1877.0,1746.0,786.0,140.0,278.0,508.0,870.0,1002.0,794.0,473.0,345.0,359.0,222.0,385.0,470.0,627.0,1091.0,206.0,17.0,112.0,31.0,75.0,74.5,51.0
1975.0,1677.0,1564.0,695.0,145.0,250.0,445.0,759.0,872.0,695.0,445.0,328.0,351.0,259.0,322.0,492.0,609.0,1048.0,168.0,15.0,92.0,26.0,67.0,66.6,29.0
2176.0,1811.0,1692.0,710.0,143.0,203.0,507.0,800.0,938.0,725.0,414.0,341.0,341.0,235.0,349.0,507.0,643.0,1114.0,192.0,15.0,107.0,27.0,72.0,68.8,60.0
2215.0,1860.0,1743.0,725.0,131.0,225.0,500.0,851.0,958.0,733.0,375.0,350.0,360.0,206.0,366.0,520.0,640.0,1108.0,197.0,16.0,102.0,28.0,72.0,62.8,40.0
1954.0,1660.0,1555.0,669.0,160.0,242.0,427.0,797.0,905.0,681.0,370.0,326.0,339.0,233.0,326.0,475.0,576.0,971.0,185.0,14.0,100.0,27.0,69.0,60.5,38.0
2198.0,1817.0,1689.0,728.0,144.0,221.0,507.0,820.0,955.0,770.0,394.0,312.0,323.0,230.0,359.0,482.0,622.0,1085.0,180.0,16.0,100.0,25.0,70.0,67.3,43.0
2227.0,1840.0,1724.0,726.0,132.0,208.0,518.0,797.0,920.0,786.0,422.0,332.0,344.0,232.0,385.0,535.0,657.0,1145.0,207.0,19.0,107.0,31.0,84.0,70.6,45.0
2012.0,1670.0,1550.0,679.0,132.0,227.0,452.0,764.0,875.0,665.0,378.0,326.0,340.0,230.0,317.0,461.0,575.0,1030.0,179.0,14.0,97.0,24.0,70.0,54.6,30.0
2092.0,1779.0,1645.0,693.0,144.0,206.0,487.0,795.0,918.0,699.0,429.0,329.0,331.0,235.0,347.0,485.0,604.0,1070.0,190.0,19.0,107.0,29.0,79.0,72.8,64.0
2201.0,1790.0,1673.0,729.0,144.0,246.0,483.0,834.0,943.0,711.0,471.0,356.0,373.0,250.0,360.0,490.0,622.0,1043.0,188.0,15.0,106.0,28.0,73.0,76.4,58.0
2203.0,1862.0,1732.0,743.0,138.0,248.0,495.0,853.0,988.0,755.0,421.0,336.0,344.0,237.0,355.0,518.0,656.0,1108.0,196.0,16.0,108.0,27.0,77.0,69.6,70.0
2284.0,1880.0,1747.0,739.0,163.0,247.0,492.0,847.0,968.0,773.0,425.0,336.0,349.0,249.0,370.0,540.0,673.0,1175.0,208.0,17.0,112.0,28.0,84.0,85.0,53.0
2071.0,1708.0,1599.0,706.0,132.0,244.0,462.0,792.0,904.0,715.0,444.0,310.0,334.0,259.0,344.0,457.0,596.0,1030.0,182.0,14.0,99.0,28.0,73.0,70.0,44.0
2103.0,1767.0,1649.0,734.0,146.0,257.0,477.0,928.0,951.0,724.0,430.0,312.0,344.0,212.0,348.0,464.0,599.0,1049.0,193.0,15.0,104.0,29.0,74.0,70.6,50.0
2270.0,1835.0,1712.0,729.0,153.0,247.0,482.0,849.0,977.0,715.0,412.0,354.0,363.0,245.0,363.0,507.0,610.0,1105.0,,16.0,103.0,28.0,76.0,82.9,72.0
2078.0,1712.0,1593.0,698.0,161.0,231.0,467.0,772.0,882.0,690.0,418.0,348.0,369.0,258.0,318.0,528.0,631.0,1063.0,176.0,14.0,91.0,24.0,69.0,69.5,31.0
2145.0,1790.0,1678.0,706.0,182.0,272.0,434.0,838.0,959.0,689.0,449.0,386.0,387.0,251.0,331.0,521.0,662.0,1101.0,181.0,15.0,96.0,26.0,77.0,86.9,50.0
2273.0,1837.0,1717.0,703.0,152.0,203.0,500.0,830.0,962.0,777.0,430.0,349.0,341.0,244.0,376.0,507.0,643.0,1109.0,201.0,17.0,111.0,30.0,80.0,77.0,48.0
2197.0,1815.0,1686.0,720.0,143.0,222.0,498.0,800.0,932.0,787.0,426.0,335.0,360.0,233.0,365.0,495.0,630.0,1108.0,197.0,17.0,104.0,28.0,82.0,75.9,57.0
2055.0,1723.0,1592.0,731.0,142.0,263.0,468.0,770.0,904.0,666.0,420.0,332.0,341.0,225.0,322.0,463.0,600.0,1080.0,177.0,14.0,105.0,31.0,72.0,64.8,54.0
2237.0,1857.0,1723.0,764.0,147.0,244.0,520.0,821.0,959.0,751.0,468.0,339.0,340.0,227.0,370.0,501.0,653.0,1135.0,214.0,15.0,121.0,29.0,85.0,73.9,66.0
2045.0,1675.0,1573.0,1049.0,135.0,269.0,,793.0,899.0,652.0,401.0,321.0,325.0,227.0,302.0,470.0,590.0,,162.0,13.0,96.0,26.0,65.0,55.9,40.0
2197.0,1810.0,1713.0,711.0,138.0,209.0,502.0,810.0,941.0,745.0,453.0,340.0,347.0,216.0,355.0,494.0,636.0,1137.0,199.0,17.0,106.0,28.0,75.0,69.1,56.0
2240.0,1784.0,1681.0,697.0,133.0,214.0,483.0,819.0,925.0,698.0,407.0,322.0,340.0,238.0,326.0,456.0,631.0,1083.0,190.0,16.0,110.0,28.0,78.0,67.3,64.0
2133.0,1758.0,1640.0,692.0,132.0,215.0,477.0,787.0,905.0,711.0,412.0,333.0,349.0,235.0,321.0,481.0,623.0,1083.0,191.0,14.0,101.0,22.0,81.0,64.7,36.0
2262.0,1899.0,1790.0,740.0,132.0,223.0,517.0,857.0,968.0,735.0,415.0,341.0,364.0,230.0,372.0,535.0,668.0,1150.0,208.0,17.0,107.0,33.0,86.0,72.5,51.0
2347.0,1933.0,1814.0,752.0,165.0,220.0,532.0,884.0,1010.0,859.0,481.0,373.0,392.0,251.0,401.0,527.0,678.0,1179.0,219.0,19.0,112.0,34.0,90.0,93.8,60.0
2219.0,1780.0,1667.0,703.0,149.0,216.0,487.0,790.0,904.0,760.0,445.0,356.0,388.0,273.0,367.0,517.0,637.0,1103.0,197.0,13.0,108.0,31.0,73.0,80.7,50.0
2174.0,1840.0,1733.0,774.0,147.0,270.0,504.0,856.0,965.0,782.0,399.0,330.0,346.0,236.0,357.0,506.0,628.0,1109.0,196.0,15.0,111.0,34.0,81.0,72.0,48.0
2290.0,1882.0,1760.0,734.0,144.0,239.0,495.0,853.0,967.0,783.0,443.0,335.0,343.0,222.0,379.0,522.0,660.0,1113.0,194.0,15.0,106.0,28.0,74.0,77.0,52.0
2152.0,1786.0,1674.0,651.0,143.0,206.0,445.0,829.0,944.0,830.0,437.0,334.0,351.0,226.0,338.0,481.0,622.0,1097.0,182.0,16.0,106.0,28.0,72.0,70.1,50.0
2317.0,1877.0,1753.0,759.0,138.0,229.0,530.0,830.0,957.0,773.0,419.0,319.0,344.0,210.0,365.0,500.0,651.0,1134.0,195.0,16.0,108.0,28.0,75.0,67.2,52.0
2240.0,1857.0,1739.0,770.0,145.0,267.0,503.0,851.0,951.0,768.0,448.0,354.0,365.0,242.0,368.0,509.0,645.0,1118.0,196.0,16.0,110.0,31.0,79.0,82.6,58.0
2059.0,1690.0,1570.0,712.0,145.0,282.0,430.0,773.0,898.0,656.0,390.0,317.0,335.0,212.0,330.0,480.0,603.0,1019.0,177.0,13.0,94.0,25.0,71.0,56.8,34.0
2061.0,1743.0,1637.0,671.0,150.0,241.0,430.0,803.0,910.0,679.0,388.0,351.0,356.0,233.0,318.0,515.0,610.0,1045.0,178.0,14.0,105.0,30.0,72.0,66.3,43.0
2300.0,1938.0,1813.0,755.0,133.0,234.0,521.0,862.0,996.0,847.0,424.0,343.0,361.0,246.0,396.0,516.0,671.0,1186.0,212.0,16.0,115.0,30.0,81.0,73.7,67.0
2271.0,1851.0,1730.0,727.0,141.0,220.0,507.0,845.0,967.0,778.0,444.0,349.0,352.0,240.0,370.0,505.0,655.0,1130.0,194.0,17.0,121.0,31.0,77.0,78.0,66.0
2231.0,1845.0,1720.0,730.0,115.0,232.0,498.0,845.0,948.0,764.0,444.0,313.0,367.0,226.0,353.0,498.0,625.0,1111.0,196.0,16.0,115.0,33.0,81.0,75.6,61.0
2321.0,1938.0,1826.0,800.0,153.0,280.0,520.0,875.0,1000.0,797.0,458.0,346.0,383.0,263.0,374.0,543.0,665.0,1174.0,212.0,14.0,108.0,30.0,82.0,83.3,60.0
2181.0,1786.0,1681.0,692.0,125.0,217.0,475.0,788.0,913.0,753.0,505.0,351.0,387.0,249.0,360.0,503.0,609.0,1041.0,189.0,15.0,112.0,31.0,75.0,77.1,66.0
1964.0,1670.0,1568.0,685.0,140.0,252.0,433.0,784.0,896.0,657.0,395.0,315.0,333.0,232.0,317.0,470.0,577.0,976.0,181.0,14.0,93.0,29.0,70.0,55.9,30.0
2187.0,1761.0,1649.0,704.0,148.0,227.0,477.0,787.0,900.0,765.0,449.0,333.0,357.0,223.0,384.0,502.0,622.0,1074.0,192.0,15.0,111.0,30.0,71.0,67.0,44.0
2168.0,1790.0,1667.0,684.0,123.0,211.0,473.0,824.0,950.0,733.0,365.0,305.0,304.0,212.0,360.0,467.0,592.0,1111.0,194.0,14.0,114.0,30.0,82.0,54.1,44.0
2045.0,1690.0,1586.0,709.0,145.0,257.0,452.0,774.0,879.0,694.0,407.0,327.0,360.0,230.0,332.0,477.0,593.0,1021.0,180.0,14.0,94.0,27.0,68.0,60.2,32.0
2005.0,1714.0,1585.0,673.0,150.0,246.0,427.0,795.0,915.0,683.0,437.0,323.0,345.0,232.0,316.0,468.0,579.0,993.0,173.0,14.0,102.0,27.0,64.0,60.2,50.0
1970.0,1592.0,1504.0,645.0,143.0,215.0,430.0,724.0,838.0,670.0,367.0,309.0,324.0,230.0,318.0,467.0,556.0,981.0,183.0,12.0,97.0,26.0,73.0,49.8,40.0
2117.0,1760.0,1653.0,691.0,130.0,211.0,480.0,820.0,930.0,710.0,396.0,329.0,329.0,225.0,346.0,524.0,628.0,1105.0,196.0,16.0,106.0,31.0,79.0,63.0,44.0
2226.0,1813.0,1709.0,754.0,138.0,261.0,493.0,843.0,941.0,789.0,424.0,347.0,355.0,210.0,383.0,514.0,641.0,1096.0,203.0,16.0,118.0,32.0,75.0,75.0,55.0
2155.0,1806.0,1690.0,700.0,141.0,230.0,470.0,803.0,922.0,754.0,499.0,349.0,373.0,235.0,357.0,480.0,615.0,1102.0,200.0,15.0,112.0,30.0,76.0,74.7,72.0
2260.0,1820.0,1719.0,712.0,158.0,225.0,487.0,814.0,940.0,790.0,483.0,351.0,349.0,241.0,374.0,529.0,668.0,1137.0,192.0,15.0,102.0,32.0,80.0,80.5,59.0
2077.0,1751.0,1650.0,717.0,152.0,257.0,460.0,822.0,936.0,733.0,464.0,337.0,363.0,200.0,361.0,457.0,615.0,1055.0,195.0,14.0,112.0,31.0,80.0,68.8,64.0
2167.0,1753.0,1643.0,669.0,125.0,191.0,478.0,780.0,889.0,764.0,440.0,311.0,341.0,196.0,358.0,513.0,629.0,1088.0,191.0,16.0,110.0,31.0,83.0,66.5,46.0
2245.0,1873.0,1753.0,740.0,131.0,248.0,492.0,861.0,969.0,778.0,448.0,355.0,375.0,237.0,366.0,512.0,621.0,1147.0,191.0,16.0,112.0,31.0,77.0,76.8,57.0
2006.0,1710.0,1600.0,669.0,145.0,227.0,442.0,785.0,898.0,673.0,443.0,351.0,389.0,223.0,326.0,479.0,607.0,1069.0,177.0,15.0,99.0,27.0,70.0,67.0,32.0
2243.0,1875.0,1760.0,1167.0,149.0,284.0,,881.0,982.0,810.0,501.0,354.0,380.0,269.0,376.0,522.0,655.0,,203.0,16.0,107.0,32.0,82.0,84.4,52.0
2054.0,1698.0,1584.0,705.0,137.0,258.0,447.0,780.0,909.0,672.0,445.0,327.0,335.0,222.0,335.0,469.0,579.0,1003.0,180.0,14.0,102.0,27.0,71.0,61.5,46.0
2330.0,1891.0,1776.0,746.0,137.0,219.0,527.0,843.0,946.0,805.0,434.0,320.0,357.0,235.0,393.0,516.0,742.0,1181.0,208.0,15.0,107.0,28.0,82.0,68.7,54.0
2138.0,1775.0,1665.0,726.0,140.0,257.0,469.0,824.0,925.0,708.0,428.0,363.0,378.0,210.0,342.0,526.0,622.0,1076.0,188.0,12.0,100.0,31.0,72.0,62.0,46.0
2255.0,1895.0,1777.0,776.0,149.0,271.0,505.0,881.0,1000.0,790.0,477.0,362.0,375.0,264.0,366.0,522.0,656.0,1127.0,206.0,16.0,112.0,36.0,80.0,88.3,64.0
2093.0,1761.0,1649.0,712.0,130.0,237.0,475.0,804.0,918.0,733.0,381.0,315.0,338.0,209.0,345.0,491.0,606.0,1045.0,190.0,13.0,97.0,28.0,75.0,56.0,38.0
2025.0,1720.0,1620.0,670.0,149.0,244.0,426.0,788.0,915.0,692.0,473.0,337.0,336.0,213.0,337.0,482.0,598.0,1015.0,186.0,13.0,102.0,34.0,77.0,68.2,50.0
2142.0,1807.0,1686.0,727.0,148.0,262.0,465.0,850.0,972.0,739.0,435.0,338.0,363.0,237.0,349.0,498.0,619.0,1064.0,182.0,17.0,102.0,33.0,72.0,71.7,50.0
2210.0,1854.0,1739.0,748.0,138.0,248.0,500.0,868.0,971.0,737.0,451.0,351.0,354.0,214.0,380.0,490.0,626.0,1088.0,204.0,13.0,115.0,31.0,76.0,70.9,49.0
2146.0,1782.0,1673.0,702.0,149.0,225.0,477.0,836.0,959.0,753.0,458.0,350.0,360.0,235.0,365.0,503.0,614.0,1065.0,196.0,16.0,117.0,32.0,78.0,78.2,54.0
2282.0,1865.0,1745.0,727.0,136.0,207.0,520.0,817.0,937.0,753.0,477.0,330.0,368.0,237.0,384.0,533.0,672.0,1124.0,205.0,16.0,113.0,31.0,80.0,77.9,55.0
2142.0,1757.0,1645.0,680.0,148.0,220.0,460.0,782.0,912.0,718.0,495.0,360.0,392.0,238.0,365.0,512.0,650.0,1104.0,190.0,17.0,106.0,32.0,75.0,79.5,54.0
2302.0,1870.0,1751.0,735.0,156.0,236.0,499.0,870.0,968.0,823.0,476.0,347.0,365.0,250.0,380.0,535.0,666.0,1152.0,201.0,15.0,111.0,32.0,81.0,85.8,72.0
2075.0,1750.0,1634.0,666.0,134.0,204.0,462.0,806.0,910.0,742.0,451.0,324.0,355.0,217.0,345.0,495.0,609.0,1045.0,187.0,15.0,114.0,31.0,77.0,71.5,62.0
2317.0,1893.0,1765.0,740.0,143.0,192.0,548.0,789.0,915.0,818.0,431.0,363.0,363.0,245.0,389.0,561.0,696.0,1175.0,209.0,15.0,111.0,30.0,79.0,75.8,60.0
2366.0,1965.0,1848.0,773.0,140.0,215.0,558.0,854.0,961.0,852.0,434.0,355.0,360.0,218.0,404.0,536.0,684.0,1201.0,211.0,15.0,117.0,30.0,82.0,79.3,66.0
2180.0,1821.0,1700.0,743.0,138.0,244.0,499.0,841.0,950.0,766.0,452.0,337.0,347.0,217.0,351.0,513.0,645.0,1111.0,197.0,16.0,104.0,31.0,75.0,76.5,68.0
2339.0,1930.0,1809.0,744.0,130.0,242.0,502.0,907.0,1017.0,788.0,417.0,359.0,368.0,218.0,382.0,529.0,655.0,1120.0,202.0,15.0,111.0,31.0,77.0,72.9,70.0
1946.0,1616.0,1520.0,655.0,130.0,228.0,427.0,773.0,862.0,662.0,357.0,311.0,325.0,216.0,310.0,444.0,550.0,956.0,170.0,11.0,93.0,27.0,66.0,50.3,50.0
2017.0,1651.0,1549.0,650.0,134.0,220.0,430.0,758.0,870.0,676.0,325.0,329.0,338.0,230.0,325.0,469.0,567.0,979.0,163.0,13.0,89.0,25.0,65.0,52.5,31.0
2248.0,1825.0,1695.0,688.0,142.0,193.0,495.0,797.0,920.0,825.0,426.0,326.0,352.0,229.0,365.0,513.0,665.0,1125.0,207.0,14.0,107.0,29.0,82.0,71.2,56.0
2067.0,1724.0,1596.0,1068.0,150.0,277.0,,788.0,915.0,652.0,403.0,346.0,373.0,235.0,313.0,,609.0,1028.0,177.0,14.0,100.0,28.0,70.0,68.0,46.0
2174.0,1804.0,1675.0,742.0,134.0,262.0,480.0,845.0,956.0,794.0,480.0,342.0,348.0,223.0,355.0,473.0,604.0,1079.0,190.0,13.0,100.0,32.0,75.0,67.9,58.0
2074.0,1741.0,1643.0,685.0,151.0,250.0,435.0,847.0,954.0,731.0,428.0,317.0,347.0,225.0,349.0,450.0,580.0,1001.0,189.0,15.0,104.0,31.0,74.0,71.4,64.0
2155.0,1786.0,1682.0,710.0,145.0,205.0,505.0,810.0,929.0,759.0,462.0,340.0,367.0,256.0,371.0,480.0,620.0,1014.0,193.0,15.0,103.0,31.0,77.0,77.2,61.0
2205.0,1775.0,1655.0,690.0,145.0,211.0,479.0,784.0,895.0,744.0,476.0,332.0,367.0,242.0,364.0,495.0,614.0,1090.0,193.0,15.0,110.0,27.0,77.0,73.1,66.0
2085.0,1763.0,1655.0,708.0,158.0,251.0,457.0,824.0,924.0,684.0,469.0,355.0,381.0,215.0,330.0,462.0,596.0,1032.0,182.0,16.0,110.0,31.0,71.0,82.6,62.0
2201.0,1802.0,1698.0,757.0,142.0,280.0,477.0,849.0,962.0,677.0,410.0,356.0,377.0,240.0,344.0,512.0,636.0,1087.0,185.0,14.0,101.0,28.0,75.0,69.1,40.0
2208.0,1830.0,1714.0,738.0,154.0,236.0,502.0,834.0,957.0,823.0,451.0,352.0,367.0,227.0,385.0,498.0,629.0,1123.0,202.0,14.0,112.0,30.0,75.0,76.7,55.0
1986.0,1638.0,1543.0,629.0,142.0,207.0,422.0,745.0,851.0,705.0,391.0,339.0,355.0,226.0,324.0,504.0,612.0,1018.0,173.0,12.0,94.0,24.0,68.0,59.6,27.0
2206.0,1812.0,1698.0,713.0,125.0,236.0,477.0,839.0,964.0,753.0,390.0,319.0,324.0,168.0,357.0,494.0,615.0,1062.0,190.0,13.0,99.0,26.0,74.0,54.6,39.0
2198.0,1800.0,1691.0,745.0,128.0,243.0,502.0,830.0,949.0,771.0,462.0,321.0,340.0,214.0,358.0,472.0,600.0,1054.0,194.0,16.0,106.0,31.0,79.0,64.9,58.0
1994.0,1662.0,1540.0,677.0,121.0,254.0,423.0,802.0,904.0,717.0,428.0,308.0,320.0,209.0,338.0,445.0,551.0,955.0,178.0,14.0,100.0,27.0,70.0,54.6,64.0
2210.0,1851.0,1725.0,759.0,135.0,247.0,512.0,838.0,959.0,756.0,422.0,349.0,348.0,213.0,354.0,489.0,630.0,1140.0,190.0,14.0,100.0,33.0,78.0,71.3,53.0
2084.0,1737.0,1624.0,675.0,143.0,210.0,465.0,761.0,888.0,700.0,484.0,339.0,346.0,231.0,334.0,506.0,636.0,1092.0,174.0,16.0,100.0,29.0,71.0,70.2,62.0
2166.0,1836.0,1698.0,749.0,137.0,246.0,503.0,841.0,954.0,784.0,378.0,328.0,338.0,236.0,363.0,498.0,621.0,1152.0,198.0,15.0,102.0,28.0,73.0,65.6,57.0
2292.0,1860.0,1748.0,760.0,135.0,241.0,519.0,811.0,931.0,742.0,410.0,332.0,333.0,207.0,386.0,536.0,655.0,1171.0,196.0,15.0,105.0,27.0,80.0,66.4,62.0
1942.0,1650.0,1533.0,667.0,143.0,266.0,401.0,793.0,890.0,636.0,405.0,347.0,357.0,244.0,324.0,470.0,575.0,963.0,173.0,14.0,96.0,27.0,67.0,58.8,42.0
2085.0,1714.0,1602.0,681.0,139.0,229.0,452.0,793.0,909.0,713.0,439.0,322.0,338.0,217.0,332.0,477.0,592.0,1024.0,173.0,14.0,101.0,28.0,69.0,64.7,54.0
2299.0,1882.0,1766.0,765.0,140.0,245.0,520.0,863.0,975.0,742.0,450.0,336.0,346.0,244.0,368.0,522.0,638.0,1120.0,201.0,15.0,116.0,29.0,80.0,72.3,53.0
2286.0,1890.0,1776.0,768.0,148.0,246.0,522.0,835.0,956.0,807.0,442.0,354.0,362.0,222.0,362.0,512.0,668.0,1140.0,201.0,15.0,110.0,31.0,80.0,74.8,68.0
2256.0,1878.0,1767.0,750.0,122.0,213.0,537.0,826.0,929.0,765.0,391.0,332.0,331.0,202.0,390.0,512.0,650.0,1172.0,197.0,15.0,103.0,27.0,77.0,64.2,52.0
2055.0,1750.0,1643.0,680.0,144.0,218.0,462.0,800.0,919.0,754.0,450.0,338.0,359.0,245.0,369.0,485.0,614.0,1066.0,197.0,14.0,107.0,32.0,82.0,75.2,64.0
2304.0,1893.0,1759.0,750.0,167.0,241.0,509.0,854.0,989.0,797.0,500.0,370.0,378.0,276.0,361.0,536.0,788.0,1173.0,190.0,15.0,108.0,31.0,72.0,96.9,54.0
2252.0,1906.0,1783.0,753.0,158.0,218.0,535.0,849.0,977.0,786.0,455.0,345.0,359.0,242.0,381.0,515.0,658.0,1184.0,202.0,15.0,110.0,30.0,79.0,87.4,68.0
2047.0,1684.0,1563.0,689.0,130.0,254.0,435.0,802.0,903.0,663.0,375.0,338.0,335.0,213.0,329.0,490.0,600.0,1010.0,177.0,13.0,88.0,26.0,70.0,54.9,34.0
1707.0,1410.0,1310.0,581.0,113.0,204.0,377.0,661.0,767.0,604.0,353.0,278.0,281.0,186.0,269.0,376.0,500.0,848.0,151.0,14.0,86.0,23.0,62.0,37.2,20.0
2139.0,1778.0,1661.0,768.0,141.0,283.0,485.0,820.0,926.0,745.0,469.0,347.0,359.0,222.0,360.0,476.0,618.0,1108.0,193.0,15.0,106.0,29.0,78.0,74.0,57.0
2295.0,1913.0,1777.0,765.0,152.0,250.0,515.0,866.0,988.0,789.0,470.0,359.0,390.0,218.0,367.0,519.0,660.0,1156.0,203.0,16.0,110.0,29.0,89.0,81.3,52.0
2169.0,1791.0,1671.0,734.0,146.0,252.0,482.0,835.0,962.0,713.0,425.0,314.0,327.0,186.0,358.0,481.0,598.0,1098.0,189.0,15.0,101.0,27.0,75.0,63.7,64.0
2132.0,1757.0,1645.0,1113.0,127.0,235.0,,782.0,895.0,689.0,397.0,331.0,349.0,238.0,324.0,,602.0,1058.0,174.0,13.0,91.0,26.0,70.0,58.6,44.0
2123.0,1727.0,1613.0,714.0,157.0,252.0,462.0,793.0,909.0,653.0,462.0,362.0,373.0,246.0,335.0,500.0,616.0,1056.0,188.0,14.0,101.0,25.0,79.0,72.9,42.0
2252.0,1857.0,1717.0,779.0,136.0,272.0,507.0,855.0,979.0,764.0,462.0,336.0,354.0,224.0,382.0,485.0,628.0,1107.0,207.0,16.0,107.0,28.0,78.0,74.2,62.0
2239.0,1805.0,1689.0,768.0,145.0,272.0,496.0,830.0,945.0,819.0,413.0,337.0,338.0,208.0,358.0,490.0,622.0,1106.0,200.0,15.0,108.0,28.0,80.0,67.2,50.0
1985.0,1645.0,1538.0,650.0,142.0,226.0,424.0,772.0,871.0,650.0,447.0,322.0,351.0,232.0,309.0,461.0,583.0,980.0,172.0,14.0,99.0,26.0,69.0,59.4,36.0
2160.0,1775.0,1653.0,702.0,144.0,260.0,442.0,835.0,948.0,704.0,481.0,330.0,343.0,232.0,332.0,472.0,607.0,1068.0,180.0,15.0,107.0,28.0,72.0,70.8,72.0
2265.0,1842.0,1728.0,749.0,153.0,268.0,481.0,847.0,974.0,822.0,493.0,368.0,389.0,293.0,376.0,482.0,663.0,1141.0,195.0,17.0,112.0,31.0,82.0,94.7,64.0
2011.0,1689.0,1572.0,666.0,132.0,249.0,417.0,803.0,935.0,676.0,403.0,317.0,329.0,216.0,303.0,452.0,585.0,986.0,189.0,13.0,108.0,26.0,77.0,58.3,48.0
2194.0,1776.0,1655.0,712.0,143.0,250.0,462.0,822.0,935.0,707.0,468.0,341.0,364.0,234.0,339.0,501.0,623.0,1057.0,195.0,13.0,110.0,26.0,74.0,75.4,52.0
2028.0,1712.0,1623.0,692.0,160.0,230.0,462.0,795.0,903.0,710.0,425.0,358.0,367.0,260.0,339.0,455.0,595.0,1046.0,182.0,12.0,101.0,23.0,70.0,65.7,48.0
2076.0,1752.0,1631.0,723.0,148.0,248.0,475.0,774.0,893.0,707.0,388.0,346.0,352.0,227.0,334.0,506.0,625.0,1070.0,189.0,13.0,96.0,26.0,73.0,64.0,36.0
